-- Desabilitar RLS temporariamente para permitir a importação de dados sem restrições de usuário
ALTER TABLE bancos DISABLE ROW LEVEL SECURITY;
ALTER TABLE cartoes DISABLE ROW LEVEL SECURITY;
ALTER TABLE categorias DISABLE ROW LEVEL SECURITY;
ALTER TABLE receitas DISABLE ROW LEVEL SECURITY;
ALTER TABLE despesas DISABLE ROW LEVEL SECURITY;
ALTER TABLE despesa_parcelas DISABLE ROW LEVEL SECURITY;

INSERT INTO bancos (id, user_id, nome, tipo, saldo_inicial, saldo_atual, ativo, created_at, updated_at) VALUES ('68e6d111fa1493987c1b9216', '68e6d111fa1493987c1b91ef', 'Conta Corrente Principal', 'conta_corrente', 5000, 5000, TRUE, '2025-10-08T21:01:05.822Z', '2025-10-08T21:01:05.822Z') ON CONFLICT (id) DO NOTHING;
INSERT INTO bancos (id, user_id, nome, tipo, saldo_inicial, saldo_atual, ativo, created_at, updated_at) VALUES ('68e6d111fa1493987c1b921a', '68e6d111fa1493987c1b91ef', 'Poupança', 'conta_poupanca', 15000, 15000, TRUE, '2025-10-08T21:01:05.827Z', '2025-10-08T21:01:05.827Z') ON CONFLICT (id) DO NOTHING;
INSERT INTO bancos (id, user_id, nome, tipo, saldo_inicial, saldo_atual, ativo, created_at, updated_at) VALUES ('68e6d111fa1493987c1b921d', '68e6d111fa1493987c1b91ef', 'Investimentos', 'conta_investimento', 25000, 25000, TRUE, '2025-10-08T21:01:05.830Z', '2025-10-08T21:01:05.830Z') ON CONFLICT (id) DO NOTHING;
INSERT INTO bancos (id, user_id, nome, tipo, saldo_inicial, saldo_atual, ativo, created_at, updated_at) VALUES ('68e99b759bd285794d2bd4ed', '68e6f3a3fb65749e4bb3a4f1', 'Santander', 'conta_corrente', 0, -448.1700000000027, TRUE, '2025-10-10T23:49:09.139Z', '2025-12-15T20:24:15.791Z') ON CONFLICT (id) DO NOTHING;
INSERT INTO bancos (id, user_id, nome, tipo, saldo_inicial, saldo_atual, ativo, created_at, updated_at) VALUES ('68e99ba59bd285794d2bd4f4', '68e6f3a3fb65749e4bb3a4f1', 'Banco do Brasil', 'conta_corrente', 0, 17791.56999999999, TRUE, '2025-10-10T23:49:57.510Z', '2026-01-04T16:53:22.637Z') ON CONFLICT (id) DO NOTHING;
INSERT INTO bancos (id, user_id, nome, tipo, saldo_inicial, saldo_atual, ativo, created_at, updated_at) VALUES ('68e99bfa9bd285794d2bd4fb', '68e6f3a3fb65749e4bb3a4f1', 'Itaú', 'conta_corrente', 0, 21389.79, TRUE, '2025-10-10T23:51:22.553Z', '2025-12-29T20:22:14.980Z') ON CONFLICT (id) DO NOTHING;
INSERT INTO bancos (id, user_id, nome, tipo, saldo_inicial, saldo_atual, ativo, created_at, updated_at) VALUES ('68eae1469bd285794d2bdd14', '68e6f3a3fb65749e4bb3a4f1', 'CEF', 'conta_corrente', 0, -3147.9699999999993, TRUE, '2025-10-11T22:59:18.135Z', '2025-11-26T12:03:03.128Z') ON CONFLICT (id) DO NOTHING;
INSERT INTO cartoes (id, user_id, nome, bandeira, limite, fatura_atual, dia_vencimento, dia_fechamento, ativo, created_at, updated_at) VALUES ('68e6d111fa1493987c1b9220', '68e6d111fa1493987c1b91ef', 'Cartão Principal', 'visa', 5000, 0, 10, 5, TRUE, '2025-10-08T21:01:05.834Z', '2025-10-08T21:01:05.834Z') ON CONFLICT (id) DO NOTHING;
INSERT INTO cartoes (id, user_id, nome, bandeira, limite, fatura_atual, dia_vencimento, dia_fechamento, ativo, created_at, updated_at) VALUES ('68e6d111fa1493987c1b9223', '68e6d111fa1493987c1b91ef', 'Cartão Reserva', 'mastercard', 3000, 0, 15, 10, TRUE, '2025-10-08T21:01:05.837Z', '2025-10-08T21:01:05.837Z') ON CONFLICT (id) DO NOTHING;
INSERT INTO cartoes (id, user_id, nome, bandeira, limite, fatura_atual, dia_vencimento, dia_fechamento, ativo, created_at, updated_at) VALUES ('68e99d959bd285794d2bd505', '68e6f3a3fb65749e4bb3a4f1', 'Santander', 'mastercard', 28190, 0, 15, 8, TRUE, '2025-10-10T23:58:13.214Z', '2025-10-10T23:58:13.214Z') ON CONFLICT (id) DO NOTHING;
INSERT INTO cartoes (id, user_id, nome, bandeira, limite, fatura_atual, dia_vencimento, dia_fechamento, ativo, created_at, updated_at) VALUES ('68e99e369bd285794d2bd51b', '68e6f3a3fb65749e4bb3a4f1', 'Santander AAd.', 'mastercard', 28840, 0, 15, 8, TRUE, '2025-10-11T00:00:54.814Z', '2025-10-11T00:01:57.343Z') ON CONFLICT (id) DO NOTHING;
INSERT INTO cartoes (id, user_id, nome, bandeira, limite, fatura_atual, dia_vencimento, dia_fechamento, ativo, created_at, updated_at) VALUES ('68e99e679bd285794d2bd522', '68e6f3a3fb65749e4bb3a4f1', 'Porto', 'visa', 30200, 0, 13, 7, TRUE, '2025-10-11T00:01:43.634Z', '2025-10-11T00:01:43.634Z') ON CONFLICT (id) DO NOTHING;
INSERT INTO cartoes (id, user_id, nome, bandeira, limite, fatura_atual, dia_vencimento, dia_fechamento, ativo, created_at, updated_at) VALUES ('68e99eb19bd285794d2bd52e', '68e6f3a3fb65749e4bb3a4f1', 'Itaú', 'mastercard', 50000, 3891.75, 10, 5, TRUE, '2025-10-11T00:02:57.858Z', '2025-12-28T20:30:21.312Z') ON CONFLICT (id) DO NOTHING;
INSERT INTO categorias (id, user_id, nome, tipo, cor, icone, ativa, created_at, updated_at) VALUES ('68e6d111fa1493987c1b91f3', '68e6d111fa1493987c1b91ef', 'Salário', 'receita', '#10B981', 'briefcase', TRUE, '2025-10-08T21:01:05.812Z', '2025-10-08T21:01:05.812Z') ON CONFLICT (id) DO NOTHING;
INSERT INTO categorias (id, user_id, nome, tipo, cor, icone, ativa, created_at, updated_at) VALUES ('68e6d111fa1493987c1b91f4', '68e6d111fa1493987c1b91ef', 'Freelance', 'receita', '#3B82F6', 'dollar-sign', TRUE, '2025-10-08T21:01:05.812Z', '2025-10-08T21:01:05.812Z') ON CONFLICT (id) DO NOTHING;
INSERT INTO categorias (id, user_id, nome, tipo, cor, icone, ativa, created_at, updated_at) VALUES ('68e6d111fa1493987c1b91f5', '68e6d111fa1493987c1b91ef', 'Investimentos', 'receita', '#8B5CF6', 'trending-up', TRUE, '2025-10-08T21:01:05.812Z', '2025-10-08T21:01:05.812Z') ON CONFLICT (id) DO NOTHING;
INSERT INTO categorias (id, user_id, nome, tipo, cor, icone, ativa, created_at, updated_at) VALUES ('68e6d111fa1493987c1b91f6', '68e6d111fa1493987c1b91ef', 'Vendas', 'receita', '#F59E0B', 'shopping-bag', TRUE, '2025-10-08T21:01:05.812Z', '2025-10-08T21:01:05.812Z') ON CONFLICT (id) DO NOTHING;
INSERT INTO categorias (id, user_id, nome, tipo, cor, icone, ativa, created_at, updated_at) VALUES ('68e6d111fa1493987c1b91f7', '68e6d111fa1493987c1b91ef', 'Bônus', 'receita', '#8B5CF6', 'gift', TRUE, '2025-10-08T21:01:05.812Z', '2025-10-08T21:01:05.812Z') ON CONFLICT (id) DO NOTHING;
INSERT INTO categorias (id, user_id, nome, tipo, cor, icone, ativa, created_at, updated_at) VALUES ('68e6d111fa1493987c1b91f8', '68e6d111fa1493987c1b91ef', 'Renda Extra', 'receita', '#10B981', 'dollar-sign', TRUE, '2025-10-08T21:01:05.812Z', '2025-10-08T21:01:05.812Z') ON CONFLICT (id) DO NOTHING;
INSERT INTO categorias (id, user_id, nome, tipo, cor, icone, ativa, created_at, updated_at) VALUES ('68e6d111fa1493987c1b91f9', '68e6d111fa1493987c1b91ef', 'Outros', 'receita', '#6B7280', 'tag', TRUE, '2025-10-08T21:01:05.812Z', '2025-10-08T21:01:05.812Z') ON CONFLICT (id) DO NOTHING;
INSERT INTO categorias (id, user_id, nome, tipo, cor, icone, ativa, created_at, updated_at) VALUES ('68e6d111fa1493987c1b91fa', '68e6d111fa1493987c1b91ef', 'Alimentação', 'despesa', '#EF4444', 'utensils', TRUE, '2025-10-08T21:01:05.812Z', '2025-10-08T21:01:05.812Z') ON CONFLICT (id) DO NOTHING;
INSERT INTO categorias (id, user_id, nome, tipo, cor, icone, ativa, created_at, updated_at) VALUES ('68e6d111fa1493987c1b91fb', '68e6d111fa1493987c1b91ef', 'Transporte', 'despesa', '#F97316', 'car', TRUE, '2025-10-08T21:01:05.812Z', '2025-10-08T21:01:05.812Z') ON CONFLICT (id) DO NOTHING;
INSERT INTO categorias (id, user_id, nome, tipo, cor, icone, ativa, created_at, updated_at) VALUES ('68e6d111fa1493987c1b91fc', '68e6d111fa1493987c1b91ef', 'Moradia', 'despesa', '#84CC16', 'home', TRUE, '2025-10-08T21:01:05.812Z', '2025-10-08T21:01:05.812Z') ON CONFLICT (id) DO NOTHING;
INSERT INTO categorias (id, user_id, nome, tipo, cor, icone, ativa, created_at, updated_at) VALUES ('68e6d111fa1493987c1b91fd', '68e6d111fa1493987c1b91ef', 'Saúde', 'despesa', '#06B6D4', 'heart', TRUE, '2025-10-08T21:01:05.812Z', '2025-10-08T21:01:05.812Z') ON CONFLICT (id) DO NOTHING;
INSERT INTO categorias (id, user_id, nome, tipo, cor, icone, ativa, created_at, updated_at) VALUES ('68e6d111fa1493987c1b91fe', '68e6d111fa1493987c1b91ef', 'Educação', 'despesa', '#8B5CF6', 'book', TRUE, '2025-10-08T21:01:05.812Z', '2025-10-08T21:01:05.812Z') ON CONFLICT (id) DO NOTHING;
INSERT INTO categorias (id, user_id, nome, tipo, cor, icone, ativa, created_at, updated_at) VALUES ('68e6d111fa1493987c1b91ff', '68e6d111fa1493987c1b91ef', 'Lazer', 'despesa', '#EC4899', 'film', TRUE, '2025-10-08T21:01:05.812Z', '2025-10-08T21:01:05.812Z') ON CONFLICT (id) DO NOTHING;
INSERT INTO categorias (id, user_id, nome, tipo, cor, icone, ativa, created_at, updated_at) VALUES ('68e6d111fa1493987c1b9200', '68e6d111fa1493987c1b91ef', 'Compras', 'despesa', '#F59E0B', 'shopping-cart', TRUE, '2025-10-08T21:01:05.812Z', '2025-10-08T21:01:05.812Z') ON CONFLICT (id) DO NOTHING;
INSERT INTO categorias (id, user_id, nome, tipo, cor, icone, ativa, created_at, updated_at) VALUES ('68e6d111fa1493987c1b9201', '68e6d111fa1493987c1b91ef', 'Contas', 'despesa', '#6B7280', 'zap', TRUE, '2025-10-08T21:01:05.813Z', '2025-10-08T21:01:05.813Z') ON CONFLICT (id) DO NOTHING;
INSERT INTO categorias (id, user_id, nome, tipo, cor, icone, ativa, created_at, updated_at) VALUES ('68e6d111fa1493987c1b9202', '68e6d111fa1493987c1b91ef', 'Combustível', 'despesa', '#F97316', 'fuel', TRUE, '2025-10-08T21:01:05.813Z', '2025-10-08T21:01:05.813Z') ON CONFLICT (id) DO NOTHING;
INSERT INTO categorias (id, user_id, nome, tipo, cor, icone, ativa, created_at, updated_at) VALUES ('68e6d111fa1493987c1b9203', '68e6d111fa1493987c1b91ef', 'Mercado', 'despesa', '#EF4444', 'banana', TRUE, '2025-10-08T21:01:05.813Z', '2025-10-08T21:01:05.813Z') ON CONFLICT (id) DO NOTHING;
INSERT INTO categorias (id, user_id, nome, tipo, cor, icone, ativa, created_at, updated_at) VALUES ('68e6d111fa1493987c1b9204', '68e6d111fa1493987c1b91ef', 'Restaurante', 'despesa', '#EC4899', 'coffee', TRUE, '2025-10-08T21:01:05.813Z', '2025-10-08T21:01:05.813Z') ON CONFLICT (id) DO NOTHING;
INSERT INTO categorias (id, user_id, nome, tipo, cor, icone, ativa, created_at, updated_at) VALUES ('68e6d111fa1493987c1b9205', '68e6d111fa1493987c1b91ef', 'Cinema', 'despesa', '#EC4899', 'film', TRUE, '2025-10-08T21:01:05.813Z', '2025-10-08T21:01:05.813Z') ON CONFLICT (id) DO NOTHING;
INSERT INTO categorias (id, user_id, nome, tipo, cor, icone, ativa, created_at, updated_at) VALUES ('68e6d111fa1493987c1b9206', '68e6d111fa1493987c1b91ef', 'Academia', 'despesa', '#8B5CF6', 'dumbbell', TRUE, '2025-10-08T21:01:05.813Z', '2025-10-08T21:01:05.813Z') ON CONFLICT (id) DO NOTHING;
INSERT INTO categorias (id, user_id, nome, tipo, cor, icone, ativa, created_at, updated_at) VALUES ('68e6d111fa1493987c1b9207', '68e6d111fa1493987c1b91ef', 'Telefone', 'despesa', '#6B7280', 'phone', TRUE, '2025-10-08T21:01:05.813Z', '2025-10-08T21:01:05.813Z') ON CONFLICT (id) DO NOTHING;
INSERT INTO categorias (id, user_id, nome, tipo, cor, icone, ativa, created_at, updated_at) VALUES ('68e6d111fa1493987c1b9208', '68e6d111fa1493987c1b91ef', 'Internet', 'despesa', '#6B7280', 'wifi', TRUE, '2025-10-08T21:01:05.813Z', '2025-10-08T21:01:05.813Z') ON CONFLICT (id) DO NOTHING;
INSERT INTO categorias (id, user_id, nome, tipo, cor, icone, ativa, created_at, updated_at) VALUES ('68e6d111fa1493987c1b9209', '68e6d111fa1493987c1b91ef', 'Energia', 'despesa', '#F59E0B', 'zap', TRUE, '2025-10-08T21:01:05.813Z', '2025-10-08T21:01:05.813Z') ON CONFLICT (id) DO NOTHING;
INSERT INTO categorias (id, user_id, nome, tipo, cor, icone, ativa, created_at, updated_at) VALUES ('68e6d111fa1493987c1b920a', '68e6d111fa1493987c1b91ef', 'Água', 'despesa', '#06B6D4', 'droplet', TRUE, '2025-10-08T21:01:05.813Z', '2025-10-08T21:01:05.813Z') ON CONFLICT (id) DO NOTHING;
INSERT INTO categorias (id, user_id, nome, tipo, cor, icone, ativa, created_at, updated_at) VALUES ('68e6d111fa1493987c1b920b', '68e6d111fa1493987c1b91ef', 'Roupas', 'despesa', '#EC4899', 'shirt', TRUE, '2025-10-08T21:01:05.813Z', '2025-10-08T21:01:05.813Z') ON CONFLICT (id) DO NOTHING;
INSERT INTO categorias (id, user_id, nome, tipo, cor, icone, ativa, created_at, updated_at) VALUES ('68e6d111fa1493987c1b920c', '68e6d111fa1493987c1b91ef', 'Manutenção', 'despesa', '#6B7280', 'wrench', TRUE, '2025-10-08T21:01:05.813Z', '2025-10-08T21:01:05.813Z') ON CONFLICT (id) DO NOTHING;
INSERT INTO categorias (id, user_id, nome, tipo, cor, icone, ativa, created_at, updated_at) VALUES ('68e6d111fa1493987c1b920d', '68e6d111fa1493987c1b91ef', 'Viagem', 'despesa', '#3B82F6', 'plane', TRUE, '2025-10-08T21:01:05.813Z', '2025-10-08T21:01:05.813Z') ON CONFLICT (id) DO NOTHING;
INSERT INTO categorias (id, user_id, nome, tipo, cor, icone, ativa, created_at, updated_at) VALUES ('68e6d111fa1493987c1b920e', '68e6d111fa1493987c1b91ef', 'Presente', 'despesa', '#8B5CF6', 'gift', TRUE, '2025-10-08T21:01:05.813Z', '2025-10-08T21:01:05.813Z') ON CONFLICT (id) DO NOTHING;
INSERT INTO categorias (id, user_id, nome, tipo, cor, icone, ativa, created_at, updated_at) VALUES ('68e6d111fa1493987c1b920f', '68e6d111fa1493987c1b91ef', 'Música', 'despesa', '#EC4899', 'music', TRUE, '2025-10-08T21:01:05.813Z', '2025-10-08T21:01:05.813Z') ON CONFLICT (id) DO NOTHING;
INSERT INTO categorias (id, user_id, nome, tipo, cor, icone, ativa, created_at, updated_at) VALUES ('68e6d111fa1493987c1b9210', '68e6d111fa1493987c1b91ef', 'Jogos', 'despesa', '#8B5CF6', 'gamepad', TRUE, '2025-10-08T21:01:05.813Z', '2025-10-08T21:01:05.813Z') ON CONFLICT (id) DO NOTHING;
INSERT INTO categorias (id, user_id, nome, tipo, cor, icone, ativa, created_at, updated_at) VALUES ('68e6d111fa1493987c1b9211', '68e6d111fa1493987c1b91ef', 'Cartão', 'despesa', '#6B7280', 'credit-card', TRUE, '2025-10-08T21:01:05.813Z', '2025-10-08T21:01:05.813Z') ON CONFLICT (id) DO NOTHING;
INSERT INTO categorias (id, user_id, nome, tipo, cor, icone, ativa, created_at, updated_at) VALUES ('68e6f3a3fb65749e4bb3a4f4', '68e6f3a3fb65749e4bb3a4f1', 'Salário', 'receita', '#10B981', 'briefcase', TRUE, '2025-10-08T23:28:35.325Z', '2025-10-08T23:28:35.325Z') ON CONFLICT (id) DO NOTHING;
INSERT INTO categorias (id, user_id, nome, tipo, cor, icone, ativa, created_at, updated_at) VALUES ('68e6f3a3fb65749e4bb3a4f5', '68e6f3a3fb65749e4bb3a4f1', 'Freelance', 'receita', '#3B82F6', 'dollar-sign', TRUE, '2025-10-08T23:28:35.325Z', '2025-10-08T23:28:35.325Z') ON CONFLICT (id) DO NOTHING;
INSERT INTO categorias (id, user_id, nome, tipo, cor, icone, ativa, created_at, updated_at) VALUES ('68e6f3a3fb65749e4bb3a4f6', '68e6f3a3fb65749e4bb3a4f1', 'Investimentos', 'receita', '#8B5CF6', 'trending-up', TRUE, '2025-10-08T23:28:35.325Z', '2025-10-08T23:28:35.325Z') ON CONFLICT (id) DO NOTHING;
INSERT INTO categorias (id, user_id, nome, tipo, cor, icone, ativa, created_at, updated_at) VALUES ('68e6f3a3fb65749e4bb3a4f7', '68e6f3a3fb65749e4bb3a4f1', 'Vendas', 'receita', '#F59E0B', 'shopping-bag', TRUE, '2025-10-08T23:28:35.325Z', '2025-10-08T23:28:35.325Z') ON CONFLICT (id) DO NOTHING;
INSERT INTO categorias (id, user_id, nome, tipo, cor, icone, ativa, created_at, updated_at) VALUES ('68e6f3a3fb65749e4bb3a4f8', '68e6f3a3fb65749e4bb3a4f1', 'Outros', 'receita', '#6B7280', 'tag', TRUE, '2025-10-08T23:28:35.325Z', '2025-10-08T23:28:35.325Z') ON CONFLICT (id) DO NOTHING;
INSERT INTO categorias (id, user_id, nome, tipo, cor, icone, ativa, created_at, updated_at) VALUES ('68e6f3a3fb65749e4bb3a4f9', '68e6f3a3fb65749e4bb3a4f1', 'Alimentação', 'despesa', '#EF4444', 'utensils', TRUE, '2025-10-08T23:28:35.325Z', '2025-10-08T23:28:35.325Z') ON CONFLICT (id) DO NOTHING;
INSERT INTO categorias (id, user_id, nome, tipo, cor, icone, ativa, created_at, updated_at) VALUES ('68e6f3a3fb65749e4bb3a4fa', '68e6f3a3fb65749e4bb3a4f1', 'Transporte', 'despesa', '#F97316', 'car', TRUE, '2025-10-08T23:28:35.325Z', '2025-10-08T23:28:35.325Z') ON CONFLICT (id) DO NOTHING;
INSERT INTO categorias (id, user_id, nome, tipo, cor, icone, ativa, created_at, updated_at) VALUES ('68e6f3a3fb65749e4bb3a4fb', '68e6f3a3fb65749e4bb3a4f1', 'Moradia', 'despesa', '#84CC16', 'home', TRUE, '2025-10-08T23:28:35.325Z', '2025-10-08T23:28:35.325Z') ON CONFLICT (id) DO NOTHING;
INSERT INTO categorias (id, user_id, nome, tipo, cor, icone, ativa, created_at, updated_at) VALUES ('68e6f3a3fb65749e4bb3a4fc', '68e6f3a3fb65749e4bb3a4f1', 'Saúde', 'despesa', '#06B6D4', 'heart', TRUE, '2025-10-08T23:28:35.325Z', '2025-10-08T23:28:35.325Z') ON CONFLICT (id) DO NOTHING;
INSERT INTO categorias (id, user_id, nome, tipo, cor, icone, ativa, created_at, updated_at) VALUES ('68e6f3a3fb65749e4bb3a4fd', '68e6f3a3fb65749e4bb3a4f1', 'Educação', 'despesa', '#8B5CF6', 'book', TRUE, '2025-10-08T23:28:35.325Z', '2025-10-08T23:28:35.325Z') ON CONFLICT (id) DO NOTHING;
INSERT INTO categorias (id, user_id, nome, tipo, cor, icone, ativa, created_at, updated_at) VALUES ('68e6f3a3fb65749e4bb3a4fe', '68e6f3a3fb65749e4bb3a4f1', 'Lazer', 'despesa', '#EC4899', 'film', TRUE, '2025-10-08T23:28:35.325Z', '2025-10-08T23:28:35.325Z') ON CONFLICT (id) DO NOTHING;
INSERT INTO categorias (id, user_id, nome, tipo, cor, icone, ativa, created_at, updated_at) VALUES ('68e6f3a3fb65749e4bb3a4ff', '68e6f3a3fb65749e4bb3a4f1', 'Compras', 'despesa', '#F59E0B', 'shopping-cart', TRUE, '2025-10-08T23:28:35.325Z', '2025-10-08T23:28:35.325Z') ON CONFLICT (id) DO NOTHING;
INSERT INTO categorias (id, user_id, nome, tipo, cor, icone, ativa, created_at, updated_at) VALUES ('68e6f3a3fb65749e4bb3a500', '68e6f3a3fb65749e4bb3a4f1', 'Contas', 'despesa', '#6B7280', 'dollar-sign', TRUE, '2025-10-08T23:28:35.325Z', '2025-10-11T23:01:01.251Z') ON CONFLICT (id) DO NOTHING;
INSERT INTO categorias (id, user_id, nome, tipo, cor, icone, ativa, created_at, updated_at) VALUES ('68e6f4ed9bd285794d2bd250', '68e6f3a3fb65749e4bb3a4f1', 'Aluguel casas Pai', 'receita', '#06b6d4', 'dollar-sign', TRUE, '2025-10-08T23:34:05.307Z', '2025-10-11T00:29:32.832Z') ON CONFLICT (id) DO NOTHING;
INSERT INTO categorias (id, user_id, nome, tipo, cor, icone, ativa, created_at, updated_at) VALUES ('68e9a1c99bd285794d2bd6a4', '68e6f3a3fb65749e4bb3a4f1', 'Pet''s', 'despesa', '#8b5cf6', 'shopping-bag', TRUE, '2025-10-11T00:16:09.298Z', '2025-10-11T23:01:31.048Z') ON CONFLICT (id) DO NOTHING;
INSERT INTO categorias (id, user_id, nome, tipo, cor, icone, ativa, created_at, updated_at) VALUES ('68e9a4ac9bd285794d2bd78b', '68e6f3a3fb65749e4bb3a4f1', 'Cuidadores Pai', 'despesa', '#6b7280', 'heart', TRUE, '2025-10-11T00:28:28.518Z', '2025-10-11T00:30:05.661Z') ON CONFLICT (id) DO NOTHING;
INSERT INTO categorias (id, user_id, nome, tipo, cor, icone, ativa, created_at, updated_at) VALUES ('68e9a4d59bd285794d2bd792', '68e6f3a3fb65749e4bb3a4f1', 'Despesas gerais Pai', 'despesa', '#84cc16', 'dollar-sign', TRUE, '2025-10-11T00:29:09.331Z', '2025-10-11T23:00:50.956Z') ON CONFLICT (id) DO NOTHING;
INSERT INTO categorias (id, user_id, nome, tipo, cor, icone, ativa, created_at, updated_at) VALUES ('68ea783b9bd285794d2bdb30', '68e6f3a3fb65749e4bb3a4f1', 'Pessoal Gisele', 'despesa', '#ef4444', 'wrench', TRUE, '2025-10-11T15:31:07.694Z', '2025-10-11T15:31:07.694Z') ON CONFLICT (id) DO NOTHING;
INSERT INTO categorias (id, user_id, nome, tipo, cor, icone, ativa, created_at, updated_at) VALUES ('68eae0009bd285794d2bdc93', '68e6f3a3fb65749e4bb3a4f1', 'Saque Pai', 'receita', '#ef4444', 'dollar-sign', TRUE, '2025-10-11T22:53:52.362Z', '2025-10-11T22:53:52.362Z') ON CONFLICT (id) DO NOTHING;
INSERT INTO categorias (id, user_id, nome, tipo, cor, icone, ativa, created_at, updated_at) VALUES ('68eae18e9bd285794d2bdd31', '68e6f3a3fb65749e4bb3a4f1', 'Financiamento casa', 'despesa', '#eab308', 'dollar-sign', TRUE, '2025-10-11T23:00:30.328Z', '2025-10-11T23:00:30.328Z') ON CONFLICT (id) DO NOTHING;
INSERT INTO categorias (id, user_id, nome, tipo, cor, icone, ativa, created_at, updated_at) VALUES ('68eb93c99bd285794d2bdf61', '68e6f3a3fb65749e4bb3a4f1', 'Total Pass', 'despesa', '#ef4444', 'dumbbell', TRUE, '2025-10-12T11:40:57.118Z', '2025-10-12T11:40:57.118Z') ON CONFLICT (id) DO NOTHING;
INSERT INTO categorias (id, user_id, nome, tipo, cor, icone, ativa, created_at, updated_at) VALUES ('68ec31639bd285794d2be09f', '68e6f3a3fb65749e4bb3a4f1', 'Honorários', 'receita', '#ec4899', 'dollar-sign', TRUE, '2025-10-12T22:53:23.555Z', '2025-10-12T22:53:23.555Z') ON CONFLICT (id) DO NOTHING;
INSERT INTO categorias (id, user_id, nome, tipo, cor, icone, ativa, created_at, updated_at) VALUES ('68ef8402b0560b7bb73c2916', '68e6f3a3fb65749e4bb3a4f1', 'Viagem EUA', 'despesa', '#3b82f6', 'briefcase', TRUE, '2025-10-15T11:22:42.800Z', '2025-10-15T11:22:42.800Z') ON CONFLICT (id) DO NOTHING;
INSERT INTO receitas (id, user_id, categoria_id, banco_id, descricao, valor, data, recorrente, tipo_recorrencia, observacoes, comprovante, created_at, updated_at) VALUES ('68e6d111fa1493987c1b9226', '68e6d111fa1493987c1b91ef', '68e6d111fa1493987c1b91f3', '68e6d111fa1493987c1b9216', 'Salário Janeiro 2024', 8000, '2024-01-05T00:00:00.000Z', TRUE, 'mensal', NULL, NULL, '2025-10-08T21:01:05.840Z', '2025-10-08T21:01:05.840Z') ON CONFLICT (id) DO NOTHING;
INSERT INTO receitas (id, user_id, categoria_id, banco_id, descricao, valor, data, recorrente, tipo_recorrencia, observacoes, comprovante, created_at, updated_at) VALUES ('68e6d111fa1493987c1b922a', '68e6d111fa1493987c1b91ef', '68e6d111fa1493987c1b91f4', '68e6d111fa1493987c1b9216', 'Projeto Website', 2500, '2024-01-15T00:00:00.000Z', FALSE, NULL, NULL, NULL, '2025-10-08T21:01:05.845Z', '2025-10-08T21:01:05.845Z') ON CONFLICT (id) DO NOTHING;
INSERT INTO receitas (id, user_id, categoria_id, banco_id, descricao, valor, data, recorrente, tipo_recorrencia, observacoes, comprovante, created_at, updated_at) VALUES ('68e6d111fa1493987c1b922e', '68e6d111fa1493987c1b91ef', '68e6d111fa1493987c1b91f7', '68e6d111fa1493987c1b9216', 'Bônus Natal', 2000, '2023-12-20T00:00:00.000Z', FALSE, NULL, NULL, NULL, '2025-10-08T21:01:05.849Z', '2025-10-08T21:01:05.849Z') ON CONFLICT (id) DO NOTHING;
INSERT INTO receitas (id, user_id, categoria_id, banco_id, descricao, valor, data, recorrente, tipo_recorrencia, observacoes, comprovante, created_at, updated_at) VALUES ('68e6d111fa1493987c1b9232', '68e6d111fa1493987c1b91ef', '68e6d111fa1493987c1b91f3', '68e6d111fa1493987c1b9216', 'Salário Dezembro 2023', 8000, '2023-12-05T00:00:00.000Z', TRUE, 'mensal', NULL, NULL, '2025-10-08T21:01:05.853Z', '2025-10-08T21:01:05.853Z') ON CONFLICT (id) DO NOTHING;
INSERT INTO receitas (id, user_id, categoria_id, banco_id, descricao, valor, data, recorrente, tipo_recorrencia, observacoes, comprovante, created_at, updated_at) VALUES ('68e99f5e9bd285794d2bd595', '68e6f3a3fb65749e4bb3a4f1', '68e6f3a3fb65749e4bb3a4f4', '68e99b759bd285794d2bd4ed', 'Salário', 7726.66, '2025-09-30T00:00:00.000Z', FALSE, NULL, '', NULL, '2025-10-11T00:05:50.270Z', '2025-10-13T00:50:17.344Z') ON CONFLICT (id) DO NOTHING;
INSERT INTO receitas (id, user_id, categoria_id, banco_id, descricao, valor, data, recorrente, tipo_recorrencia, observacoes, comprovante, created_at, updated_at) VALUES ('68e99fad9bd285794d2bd5be', '68e6f3a3fb65749e4bb3a4f1', '68ec31639bd285794d2be09f', '68e99ba59bd285794d2bd4f4', 'Honorários', 3851.25, '2025-09-30T00:00:00.000Z', FALSE, NULL, '', NULL, '2025-10-11T00:07:09.806Z', '2025-10-12T22:54:21.141Z') ON CONFLICT (id) DO NOTHING;
INSERT INTO receitas (id, user_id, categoria_id, banco_id, descricao, valor, data, recorrente, tipo_recorrencia, observacoes, comprovante, created_at, updated_at) VALUES ('68e99fcf9bd285794d2bd5d2', '68e6f3a3fb65749e4bb3a4f1', '68ec31639bd285794d2be09f', '68e99ba59bd285794d2bd4f4', 'Honorários', 1598, '2025-10-05T00:00:00.000Z', FALSE, NULL, '', NULL, '2025-10-11T00:07:43.106Z', '2025-10-12T22:53:58.965Z') ON CONFLICT (id) DO NOTHING;
INSERT INTO receitas (id, user_id, categoria_id, banco_id, descricao, valor, data, recorrente, tipo_recorrencia, observacoes, comprovante, created_at, updated_at) VALUES ('68e99fee9bd285794d2bd5e6', '68e6f3a3fb65749e4bb3a4f1', '68ec31639bd285794d2be09f', '68e99ba59bd285794d2bd4f4', 'Honorários', 2750, '2025-10-07T00:00:00.000Z', FALSE, NULL, '', NULL, '2025-10-11T00:08:14.361Z', '2025-10-12T22:53:48.209Z') ON CONFLICT (id) DO NOTHING;
INSERT INTO receitas (id, user_id, categoria_id, banco_id, descricao, valor, data, recorrente, tipo_recorrencia, observacoes, comprovante, created_at, updated_at) VALUES ('68ea74619bd285794d2bd83e', '68e6f3a3fb65749e4bb3a4f1', '68e6f4ed9bd285794d2bd250', '68e99ba59bd285794d2bd4f4', 'Aluguel Rua Carmen Fernandes dos Santos, 113', 1562.33, '2025-10-10T00:00:00.000Z', FALSE, NULL, '', NULL, '2025-10-11T15:14:41.541Z', '2025-10-11T15:14:41.541Z') ON CONFLICT (id) DO NOTHING;
INSERT INTO receitas (id, user_id, categoria_id, banco_id, descricao, valor, data, recorrente, tipo_recorrencia, observacoes, comprovante, created_at, updated_at) VALUES ('68ea749d9bd285794d2bd852', '68e6f3a3fb65749e4bb3a4f1', '68e6f4ed9bd285794d2bd250', '68e99ba59bd285794d2bd4f4', 'Aluguel Rua Onofre José Barbosa, 56', 1620, '2025-10-10T00:00:00.000Z', FALSE, NULL, '', NULL, '2025-10-11T15:15:41.995Z', '2025-10-11T15:15:41.995Z') ON CONFLICT (id) DO NOTHING;
INSERT INTO receitas (id, user_id, categoria_id, banco_id, descricao, valor, data, recorrente, tipo_recorrencia, observacoes, comprovante, created_at, updated_at) VALUES ('68eae0529bd285794d2bdcab', '68e6f3a3fb65749e4bb3a4f1', '68eae0009bd285794d2bdc93', '68e99ba59bd285794d2bd4f4', 'Saque', 6000, '2025-10-08T00:00:00.000Z', FALSE, NULL, '', NULL, '2025-10-11T22:55:14.122Z', '2025-10-11T22:55:14.122Z') ON CONFLICT (id) DO NOTHING;
INSERT INTO receitas (id, user_id, categoria_id, banco_id, descricao, valor, data, recorrente, tipo_recorrencia, observacoes, comprovante, created_at, updated_at) VALUES ('68ef8360b0560b7bb73c2829', '68e6f3a3fb65749e4bb3a4f1', '68ec31639bd285794d2be09f', '68e99ba59bd285794d2bd4f4', 'Honorários', 1422.5, '2025-10-14T00:00:00.000Z', FALSE, NULL, '', NULL, '2025-10-15T11:20:00.524Z', '2025-10-15T11:20:00.524Z') ON CONFLICT (id) DO NOTHING;
INSERT INTO receitas (id, user_id, categoria_id, banco_id, descricao, valor, data, recorrente, tipo_recorrencia, observacoes, comprovante, created_at, updated_at) VALUES ('68ef83cab0560b7bb73c28d1', '68e6f3a3fb65749e4bb3a4f1', '68eae0009bd285794d2bdc93', '68e99ba59bd285794d2bd4f4', 'Saque', 5000, '2025-10-14T00:00:00.000Z', FALSE, NULL, '', NULL, '2025-10-15T11:21:46.067Z', '2025-10-15T11:21:46.067Z') ON CONFLICT (id) DO NOTHING;
INSERT INTO receitas (id, user_id, categoria_id, banco_id, descricao, valor, data, recorrente, tipo_recorrencia, observacoes, comprovante, created_at, updated_at) VALUES ('68f0e6c47ac7a0a7dbf2b487', '68e6f3a3fb65749e4bb3a4f1', '68ec31639bd285794d2be09f', '68e99ba59bd285794d2bd4f4', 'Honorários', 3250, '2025-10-16T00:00:00.000Z', FALSE, NULL, '', NULL, '2025-10-16T12:36:20.830Z', '2025-10-16T12:36:20.830Z') ON CONFLICT (id) DO NOTHING;
INSERT INTO receitas (id, user_id, categoria_id, banco_id, descricao, valor, data, recorrente, tipo_recorrencia, observacoes, comprovante, created_at, updated_at) VALUES ('68f4e9b07ac7a0a7dbf2b650', '68e6f3a3fb65749e4bb3a4f1', '68e6f4ed9bd285794d2bd250', '68e99ba59bd285794d2bd4f4', 'Aluguel Rua Alcides Nunes, 413', 1880, '2025-10-18T00:00:00.000Z', FALSE, NULL, '', NULL, '2025-10-19T13:37:52.792Z', '2025-10-19T13:37:52.792Z') ON CONFLICT (id) DO NOTHING;
INSERT INTO receitas (id, user_id, categoria_id, banco_id, descricao, valor, data, recorrente, tipo_recorrencia, observacoes, comprovante, created_at, updated_at) VALUES ('68f6d3867ac7a0a7dbf2b84d', '68e6f3a3fb65749e4bb3a4f1', '68e6f4ed9bd285794d2bd250', '68e99ba59bd285794d2bd4f4', 'Aluguel Rua Auta Damião de Oliveira, 193', 1160.1, '2025-10-20T00:00:00.000Z', FALSE, NULL, '', NULL, '2025-10-21T00:27:50.979Z', '2025-10-21T00:27:50.979Z') ON CONFLICT (id) DO NOTHING;
INSERT INTO receitas (id, user_id, categoria_id, banco_id, descricao, valor, data, recorrente, tipo_recorrencia, observacoes, comprovante, created_at, updated_at) VALUES ('68f6d3bb7ac7a0a7dbf2b862', '68e6f3a3fb65749e4bb3a4f1', '68e6f4ed9bd285794d2bd250', '68e99ba59bd285794d2bd4f4', 'Aluguel Rua Carlos Santili, 210', 1433.36, '2025-10-20T00:00:00.000Z', FALSE, NULL, '', NULL, '2025-10-21T00:28:43.227Z', '2025-10-21T00:28:43.227Z') ON CONFLICT (id) DO NOTHING;
INSERT INTO receitas (id, user_id, categoria_id, banco_id, descricao, valor, data, recorrente, tipo_recorrencia, observacoes, comprovante, created_at, updated_at) VALUES ('68f6d3f87ac7a0a7dbf2b877', '68e6f3a3fb65749e4bb3a4f1', '68ec31639bd285794d2be09f', '68e99ba59bd285794d2bd4f4', 'Honorários', 5750, '2025-10-20T00:00:00.000Z', FALSE, NULL, '', NULL, '2025-10-21T00:29:44.603Z', '2025-10-21T00:29:44.603Z') ON CONFLICT (id) DO NOTHING;
INSERT INTO receitas (id, user_id, categoria_id, banco_id, descricao, valor, data, recorrente, tipo_recorrencia, observacoes, comprovante, created_at, updated_at) VALUES ('690e505d7ac7a0a7dbf2baac', '68e6f3a3fb65749e4bb3a4f1', '68ec31639bd285794d2be09f', '68e99ba59bd285794d2bd4f4', 'Honorários', 2067, '2025-10-24T00:00:00.000Z', FALSE, NULL, '', NULL, '2025-11-07T20:02:37.303Z', '2025-11-07T20:02:37.303Z') ON CONFLICT (id) DO NOTHING;
INSERT INTO receitas (id, user_id, categoria_id, banco_id, descricao, valor, data, recorrente, tipo_recorrencia, observacoes, comprovante, created_at, updated_at) VALUES ('690e50887ac7a0a7dbf2bac1', '68e6f3a3fb65749e4bb3a4f1', '68e6f4ed9bd285794d2bd250', '68e99ba59bd285794d2bd4f4', 'Aluguel Rua Nivaldo Severo Barbosa, 65', 1617.55, '2025-10-24T00:00:00.000Z', FALSE, NULL, '', NULL, '2025-11-07T20:03:20.716Z', '2025-11-07T20:06:09.156Z') ON CONFLICT (id) DO NOTHING;
INSERT INTO receitas (id, user_id, categoria_id, banco_id, descricao, valor, data, recorrente, tipo_recorrencia, observacoes, comprovante, created_at, updated_at) VALUES ('690e50aa7ac7a0a7dbf2bad6', '68e6f3a3fb65749e4bb3a4f1', '68ec31639bd285794d2be09f', '68e99ba59bd285794d2bd4f4', 'Honorários', 1975, '2025-10-28T00:00:00.000Z', FALSE, NULL, '', NULL, '2025-11-07T20:03:54.270Z', '2025-11-07T20:03:54.270Z') ON CONFLICT (id) DO NOTHING;
INSERT INTO receitas (id, user_id, categoria_id, banco_id, descricao, valor, data, recorrente, tipo_recorrencia, observacoes, comprovante, created_at, updated_at) VALUES ('690e50c87ac7a0a7dbf2baeb', '68e6f3a3fb65749e4bb3a4f1', '68ec31639bd285794d2be09f', '68e99ba59bd285794d2bd4f4', 'Honorários', 2833.75, '2025-11-04T00:00:00.000Z', FALSE, NULL, '', NULL, '2025-11-07T20:04:24.061Z', '2025-11-07T20:04:24.061Z') ON CONFLICT (id) DO NOTHING;
INSERT INTO receitas (id, user_id, categoria_id, banco_id, descricao, valor, data, recorrente, tipo_recorrencia, observacoes, comprovante, created_at, updated_at) VALUES ('690e50e17ac7a0a7dbf2bb00', '68e6f3a3fb65749e4bb3a4f1', '68ec31639bd285794d2be09f', '68e99ba59bd285794d2bd4f4', 'Honorários', 2694, '2025-11-06T00:00:00.000Z', FALSE, NULL, '', NULL, '2025-11-07T20:04:49.439Z', '2025-11-07T20:04:49.439Z') ON CONFLICT (id) DO NOTHING;
INSERT INTO receitas (id, user_id, categoria_id, banco_id, descricao, valor, data, recorrente, tipo_recorrencia, observacoes, comprovante, created_at, updated_at) VALUES ('690e50f27ac7a0a7dbf2bb15', '68e6f3a3fb65749e4bb3a4f1', '68ec31639bd285794d2be09f', '68e99ba59bd285794d2bd4f4', 'Honorários', 3465, '2025-11-07T00:00:00.000Z', FALSE, NULL, '', NULL, '2025-11-07T20:05:06.078Z', '2025-11-07T20:05:06.078Z') ON CONFLICT (id) DO NOTHING;
INSERT INTO receitas (id, user_id, categoria_id, banco_id, descricao, valor, data, recorrente, tipo_recorrencia, observacoes, comprovante, created_at, updated_at) VALUES ('69138deb7ac7a0a7dbf2c216', '68e6f3a3fb65749e4bb3a4f1', '68e6f4ed9bd285794d2bd250', '68e99ba59bd285794d2bd4f4', 'Aluguel Rua Onofre José Barbosa, 56', 1620, '2025-11-11T00:00:00.000Z', FALSE, NULL, '', NULL, '2025-11-11T19:26:35.958Z', '2025-11-11T19:26:35.958Z') ON CONFLICT (id) DO NOTHING;
INSERT INTO receitas (id, user_id, categoria_id, banco_id, descricao, valor, data, recorrente, tipo_recorrencia, observacoes, comprovante, created_at, updated_at) VALUES ('69138e187ac7a0a7dbf2c22b', '68e6f3a3fb65749e4bb3a4f1', '68e6f4ed9bd285794d2bd250', '68e99ba59bd285794d2bd4f4', 'Aluguel Rua Carmem Fernandes dos Santos, 113', 1412.33, '2025-11-11T00:00:00.000Z', FALSE, NULL, '', NULL, '2025-11-11T19:27:20.038Z', '2025-11-11T19:27:20.038Z') ON CONFLICT (id) DO NOTHING;
INSERT INTO receitas (id, user_id, categoria_id, banco_id, descricao, valor, data, recorrente, tipo_recorrencia, observacoes, comprovante, created_at, updated_at) VALUES ('691b37d97ac7a0a7dbf2c693', '68e6f3a3fb65749e4bb3a4f1', '68ec31639bd285794d2be09f', '68e99ba59bd285794d2bd4f4', 'Honorários', 1425, '2025-11-16T00:00:00.000Z', FALSE, NULL, '', NULL, '2025-11-17T14:57:29.274Z', '2025-11-17T14:57:29.274Z') ON CONFLICT (id) DO NOTHING;
INSERT INTO receitas (id, user_id, categoria_id, banco_id, descricao, valor, data, recorrente, tipo_recorrencia, observacoes, comprovante, created_at, updated_at) VALUES ('691b37ed7ac7a0a7dbf2c6a8', '68e6f3a3fb65749e4bb3a4f1', '68ec31639bd285794d2be09f', '68e99ba59bd285794d2bd4f4', 'Honorários', 6000, '2025-11-14T00:00:00.000Z', FALSE, NULL, '', NULL, '2025-11-17T14:57:49.840Z', '2025-11-17T14:57:49.840Z') ON CONFLICT (id) DO NOTHING;
INSERT INTO receitas (id, user_id, categoria_id, banco_id, descricao, valor, data, recorrente, tipo_recorrencia, observacoes, comprovante, created_at, updated_at) VALUES ('692368ca7ac7a0a7dbf2c9b9', '68e6f3a3fb65749e4bb3a4f1', '68ec31639bd285794d2be09f', '68e99ba59bd285794d2bd4f4', 'Honorários', 2946.5, '2025-11-20T00:00:00.000Z', FALSE, NULL, '', NULL, '2025-11-23T20:04:26.647Z', '2025-11-23T20:04:26.647Z') ON CONFLICT (id) DO NOTHING;
INSERT INTO receitas (id, user_id, categoria_id, banco_id, descricao, valor, data, recorrente, tipo_recorrencia, observacoes, comprovante, created_at, updated_at) VALUES ('6923690d7ac7a0a7dbf2c9ce', '68e6f3a3fb65749e4bb3a4f1', '68e6f4ed9bd285794d2bd250', '68e99ba59bd285794d2bd4f4', 'Aluguel Rua Auta Damião de Oliveira, 193', 1160.1, '2025-11-21T00:00:00.000Z', FALSE, NULL, '', NULL, '2025-11-23T20:05:33.966Z', '2025-11-23T20:05:33.966Z') ON CONFLICT (id) DO NOTHING;
INSERT INTO receitas (id, user_id, categoria_id, banco_id, descricao, valor, data, recorrente, tipo_recorrencia, observacoes, comprovante, created_at, updated_at) VALUES ('692369437ac7a0a7dbf2c9e3', '68e6f3a3fb65749e4bb3a4f1', '68e6f4ed9bd285794d2bd250', '68e99ba59bd285794d2bd4f4', 'Aluguel Rua Carlos Santili, 210', 1433.36, '2025-11-21T00:00:00.000Z', FALSE, NULL, '', NULL, '2025-11-23T20:06:27.033Z', '2025-11-23T20:06:27.033Z') ON CONFLICT (id) DO NOTHING;
INSERT INTO receitas (id, user_id, categoria_id, banco_id, descricao, valor, data, recorrente, tipo_recorrencia, observacoes, comprovante, created_at, updated_at) VALUES ('692441917ac7a0a7dbf2cad5', '68e6f3a3fb65749e4bb3a4f1', '68e6f3a3fb65749e4bb3a4f4', '68e99b759bd285794d2bd4ed', 'Salário', 7726.66, '2025-11-03T00:00:00.000Z', FALSE, NULL, '', NULL, '2025-11-24T11:29:21.521Z', '2025-11-24T11:29:21.521Z') ON CONFLICT (id) DO NOTHING;
INSERT INTO receitas (id, user_id, categoria_id, banco_id, descricao, valor, data, recorrente, tipo_recorrencia, observacoes, comprovante, created_at, updated_at) VALUES ('692441a97ac7a0a7dbf2caea', '68e6f3a3fb65749e4bb3a4f1', '68e6f3a3fb65749e4bb3a4f4', '68e99b759bd285794d2bd4ed', 'Férias', 5360.58, '2025-11-03T00:00:00.000Z', FALSE, NULL, '', NULL, '2025-11-24T11:29:45.688Z', '2025-11-24T11:29:45.688Z') ON CONFLICT (id) DO NOTHING;
INSERT INTO receitas (id, user_id, categoria_id, banco_id, descricao, valor, data, recorrente, tipo_recorrencia, observacoes, comprovante, created_at, updated_at) VALUES ('6926ec777ac7a0a7dbf2cc29', '68e6f3a3fb65749e4bb3a4f1', '68e6f4ed9bd285794d2bd250', '68eae1469bd285794d2bdd14', 'Aluguel Rua Nivaldo Severo Barbosa, 65', 1500, '2025-11-25T00:00:00.000Z', FALSE, NULL, '', NULL, '2025-11-26T12:03:03.120Z', '2025-11-26T12:03:03.120Z') ON CONFLICT (id) DO NOTHING;
INSERT INTO receitas (id, user_id, categoria_id, banco_id, descricao, valor, data, recorrente, tipo_recorrencia, observacoes, comprovante, created_at, updated_at) VALUES ('69298e7a7ac7a0a7dbf2ccfe', '68e6f3a3fb65749e4bb3a4f1', '68ec31639bd285794d2be09f', '68e99bfa9bd285794d2bd4fb', 'Honorários', 3757, '2025-11-27T00:00:00.000Z', FALSE, NULL, '', NULL, '2025-11-28T11:58:50.736Z', '2025-11-28T11:58:50.736Z') ON CONFLICT (id) DO NOTHING;
INSERT INTO receitas (id, user_id, categoria_id, banco_id, descricao, valor, data, recorrente, tipo_recorrencia, observacoes, comprovante, created_at, updated_at) VALUES ('692a0c8f7ac7a0a7dbf2cd3e', '68e6f3a3fb65749e4bb3a4f1', '68ec31639bd285794d2be09f', '68e99bfa9bd285794d2bd4fb', 'Honorários', 2895, '2025-11-28T00:00:00.000Z', FALSE, NULL, '', NULL, '2025-11-28T20:56:47.471Z', '2025-11-28T20:56:47.471Z') ON CONFLICT (id) DO NOTHING;
INSERT INTO receitas (id, user_id, categoria_id, banco_id, descricao, valor, data, recorrente, tipo_recorrencia, observacoes, comprovante, created_at, updated_at) VALUES ('692da7f97ac7a0a7dbf2ce3f', '68e6f3a3fb65749e4bb3a4f1', '68e6f4ed9bd285794d2bd250', '68e99ba59bd285794d2bd4f4', 'Diferença aluguel Rua Nivaldo Severo Barbosa, 65', 117.55, '2025-12-01T00:00:00.000Z', FALSE, NULL, '', NULL, '2025-12-01T14:36:41.884Z', '2025-12-01T14:36:41.884Z') ON CONFLICT (id) DO NOTHING;
INSERT INTO receitas (id, user_id, categoria_id, banco_id, descricao, valor, data, recorrente, tipo_recorrencia, observacoes, comprovante, created_at, updated_at) VALUES ('69336cdb7ac7a0a7dbf2d049', '68e6f3a3fb65749e4bb3a4f1', '68e6f4ed9bd285794d2bd250', '68e99ba59bd285794d2bd4f4', 'Aluguel Rua Alcides Nunes, 413', 1880, '2025-11-20T00:00:00.000Z', FALSE, NULL, '', NULL, '2025-12-05T23:38:03.123Z', '2025-12-05T23:38:03.123Z') ON CONFLICT (id) DO NOTHING;
INSERT INTO receitas (id, user_id, categoria_id, banco_id, descricao, valor, data, recorrente, tipo_recorrencia, observacoes, comprovante, created_at, updated_at) VALUES ('69336d847ac7a0a7dbf2d064', '68e6f3a3fb65749e4bb3a4f1', '68ec31639bd285794d2be09f', '68e99bfa9bd285794d2bd4fb', 'Honorários', 1250, '2025-12-05T00:00:00.000Z', FALSE, NULL, '', NULL, '2025-12-05T23:40:52.186Z', '2025-12-05T23:41:21.945Z') ON CONFLICT (id) DO NOTHING;
INSERT INTO receitas (id, user_id, categoria_id, banco_id, descricao, valor, data, recorrente, tipo_recorrencia, observacoes, comprovante, created_at, updated_at) VALUES ('693fec917ac7a0a7dbf2d4c5', '68e6f3a3fb65749e4bb3a4f1', '68ec31639bd285794d2be09f', '68e99ba59bd285794d2bd4f4', 'Honorários', 3750, '2025-12-12T00:00:00.000Z', FALSE, NULL, '', NULL, '2025-12-15T11:10:09.378Z', '2025-12-15T11:10:09.378Z') ON CONFLICT (id) DO NOTHING;
INSERT INTO receitas (id, user_id, categoria_id, banco_id, descricao, valor, data, recorrente, tipo_recorrencia, observacoes, comprovante, created_at, updated_at) VALUES ('693fecd07ac7a0a7dbf2d4f6', '68e6f3a3fb65749e4bb3a4f1', '68e6f4ed9bd285794d2bd250', '68e99ba59bd285794d2bd4f4', 'Aluguel Rua Carmem Fernandes dos Santos, 113', 1412.33, '2025-12-10T00:00:00.000Z', FALSE, NULL, '', NULL, '2025-12-15T11:11:12.247Z', '2025-12-15T11:11:12.247Z') ON CONFLICT (id) DO NOTHING;
INSERT INTO receitas (id, user_id, categoria_id, banco_id, descricao, valor, data, recorrente, tipo_recorrencia, observacoes, comprovante, created_at, updated_at) VALUES ('693feced7ac7a0a7dbf2d50b', '68e6f3a3fb65749e4bb3a4f1', '68e6f4ed9bd285794d2bd250', '68e99ba59bd285794d2bd4f4', 'Aluguel Rua Onofre José Barbosa, 56', 1620, '2025-12-10T00:00:00.000Z', FALSE, NULL, '', NULL, '2025-12-15T11:11:41.637Z', '2025-12-15T11:11:41.637Z') ON CONFLICT (id) DO NOTHING;
INSERT INTO receitas (id, user_id, categoria_id, banco_id, descricao, valor, data, recorrente, tipo_recorrencia, observacoes, comprovante, created_at, updated_at) VALUES ('69428cd67ac7a0a7dbf2d645', '68e6f3a3fb65749e4bb3a4f1', '68ec31639bd285794d2be09f', '68e99bfa9bd285794d2bd4fb', 'Honorários', 13580, '2025-12-16T00:00:00.000Z', FALSE, NULL, '', NULL, '2025-12-17T10:58:30.991Z', '2025-12-17T10:58:30.991Z') ON CONFLICT (id) DO NOTHING;
INSERT INTO receitas (id, user_id, categoria_id, banco_id, descricao, valor, data, recorrente, tipo_recorrencia, observacoes, comprovante, created_at, updated_at) VALUES ('6945424f7ac7a0a7dbf2d73a', '68e6f3a3fb65749e4bb3a4f1', '68e6f4ed9bd285794d2bd250', '68e99ba59bd285794d2bd4f4', 'Aluguel Rua Alcides Nunes, nº413', 1880, '2025-12-19T00:00:00.000Z', FALSE, NULL, '', NULL, '2025-12-19T12:17:19.572Z', '2025-12-19T12:17:19.572Z') ON CONFLICT (id) DO NOTHING;
INSERT INTO receitas (id, user_id, categoria_id, banco_id, descricao, valor, data, recorrente, tipo_recorrencia, observacoes, comprovante, created_at, updated_at) VALUES ('6945b1d07ac7a0a7dbf2d786', '68e6f3a3fb65749e4bb3a4f1', '68ec31639bd285794d2be09f', '68e99bfa9bd285794d2bd4fb', 'Honorários', 3863, '2025-12-19T00:00:00.000Z', FALSE, NULL, '', NULL, '2025-12-19T20:13:04.745Z', '2025-12-19T20:13:04.745Z') ON CONFLICT (id) DO NOTHING;
INSERT INTO receitas (id, user_id, categoria_id, banco_id, descricao, valor, data, recorrente, tipo_recorrencia, observacoes, comprovante, created_at, updated_at) VALUES ('694957257ac7a0a7dbf2d8cf', '68e6f3a3fb65749e4bb3a4f1', '68e6f4ed9bd285794d2bd250', '68e99ba59bd285794d2bd4f4', 'Aluguel Rua Auta Damião de Oliveira, 193', 1160.1, '2025-12-21T00:00:00.000Z', FALSE, NULL, '', NULL, '2025-12-22T14:35:17.473Z', '2025-12-22T14:35:17.473Z') ON CONFLICT (id) DO NOTHING;
INSERT INTO receitas (id, user_id, categoria_id, banco_id, descricao, valor, data, recorrente, tipo_recorrencia, observacoes, comprovante, created_at, updated_at) VALUES ('6949575c7ac7a0a7dbf2d8e4', '68e6f3a3fb65749e4bb3a4f1', '68e6f4ed9bd285794d2bd250', '68e99ba59bd285794d2bd4f4', 'Aluguel Rua Carlos Santili, 210', 1433.36, '2025-12-20T00:00:00.000Z', FALSE, NULL, '', NULL, '2025-12-22T14:36:12.794Z', '2025-12-22T14:36:12.794Z') ON CONFLICT (id) DO NOTHING;
INSERT INTO receitas (id, user_id, categoria_id, banco_id, descricao, valor, data, recorrente, tipo_recorrencia, observacoes, comprovante, created_at, updated_at) VALUES ('6951925d7ac7a0a7dbf2d9ce', '68e6f3a3fb65749e4bb3a4f1', '68e6f4ed9bd285794d2bd250', '68e99ba59bd285794d2bd4f4', 'Aluguel Rua Nivaldo Severo, 65', 1617.55, '2025-12-24T00:00:00.000Z', FALSE, NULL, '', NULL, '2025-12-28T20:26:05.502Z', '2025-12-28T20:26:05.502Z') ON CONFLICT (id) DO NOTHING;
INSERT INTO receitas (id, user_id, categoria_id, banco_id, descricao, valor, data, recorrente, tipo_recorrencia, observacoes, comprovante, created_at, updated_at) VALUES ('6952e2807ac7a0a7dbf2db16', '68e6f3a3fb65749e4bb3a4f1', '68ec31639bd285794d2be09f', '68e99bfa9bd285794d2bd4fb', 'Honorários', 2500, '2025-12-29T00:00:00.000Z', FALSE, NULL, '', NULL, '2025-12-29T20:20:16.977Z', '2025-12-29T20:20:16.977Z') ON CONFLICT (id) DO NOTHING;
INSERT INTO despesas (id, user_id, categoria_id, banco_id, cartao_id, descricao, valor_total, data, forma_pagamento, parcelado, numero_parcelas, recorrente, tipo_recorrencia, observacoes, comprovante, created_at, updated_at) VALUES ('68e6d111fa1493987c1b9236', '68e6d111fa1493987c1b91ef', '68e6d111fa1493987c1b91fa', '68e6d111fa1493987c1b9216', NULL, 'Supermercado', 350, '2024-01-10T00:00:00.000Z', 'debito', FALSE, NULL, FALSE, NULL, NULL, NULL, '2025-10-08T21:01:05.858Z', '2025-10-08T21:01:05.858Z') ON CONFLICT (id) DO NOTHING;
INSERT INTO despesas (id, user_id, categoria_id, banco_id, cartao_id, descricao, valor_total, data, forma_pagamento, parcelado, numero_parcelas, recorrente, tipo_recorrencia, observacoes, comprovante, created_at, updated_at) VALUES ('68e6d111fa1493987c1b923a', '68e6d111fa1493987c1b91ef', '68e6d111fa1493987c1b9202', '68e6d111fa1493987c1b9216', NULL, 'Posto de Gasolina', 200, '2024-01-08T00:00:00.000Z', 'debito', FALSE, NULL, FALSE, NULL, NULL, NULL, '2025-10-08T21:01:05.862Z', '2025-10-08T21:01:05.862Z') ON CONFLICT (id) DO NOTHING;
INSERT INTO despesas (id, user_id, categoria_id, banco_id, cartao_id, descricao, valor_total, data, forma_pagamento, parcelado, numero_parcelas, recorrente, tipo_recorrencia, observacoes, comprovante, created_at, updated_at) VALUES ('68e6d111fa1493987c1b923e', '68e6d111fa1493987c1b91ef', '68e6d111fa1493987c1b9207', '68e6d111fa1493987c1b9216', NULL, 'Conta de Celular', 80, '2024-01-05T00:00:00.000Z', 'debito', FALSE, NULL, TRUE, 'mensal', NULL, NULL, '2025-10-08T21:01:05.865Z', '2025-10-08T21:01:05.865Z') ON CONFLICT (id) DO NOTHING;
INSERT INTO despesas (id, user_id, categoria_id, banco_id, cartao_id, descricao, valor_total, data, forma_pagamento, parcelado, numero_parcelas, recorrente, tipo_recorrencia, observacoes, comprovante, created_at, updated_at) VALUES ('68e6d111fa1493987c1b9242', '68e6d111fa1493987c1b91ef', '68e6d111fa1493987c1b9204', NULL, '68e6d111fa1493987c1b9220', 'Jantar Romântico', 120, '2024-01-14T00:00:00.000Z', 'credito', FALSE, NULL, FALSE, NULL, NULL, NULL, '2025-10-08T21:01:05.869Z', '2025-10-08T21:01:05.869Z') ON CONFLICT (id) DO NOTHING;
INSERT INTO despesas (id, user_id, categoria_id, banco_id, cartao_id, descricao, valor_total, data, forma_pagamento, parcelado, numero_parcelas, recorrente, tipo_recorrencia, observacoes, comprovante, created_at, updated_at) VALUES ('68e6d111fa1493987c1b9246', '68e6d111fa1493987c1b91ef', '68e6d111fa1493987c1b9209', NULL, '68e6d111fa1493987c1b9220', 'Conta de Luz', 180, '2024-01-12T00:00:00.000Z', 'credito', FALSE, NULL, FALSE, NULL, NULL, NULL, '2025-10-08T21:01:05.873Z', '2025-10-08T21:01:05.873Z') ON CONFLICT (id) DO NOTHING;
INSERT INTO despesas (id, user_id, categoria_id, banco_id, cartao_id, descricao, valor_total, data, forma_pagamento, parcelado, numero_parcelas, recorrente, tipo_recorrencia, observacoes, comprovante, created_at, updated_at) VALUES ('68e6d111fa1493987c1b924a', '68e6d111fa1493987c1b91ef', '68e6d111fa1493987c1b9200', NULL, '68e6d111fa1493987c1b9220', 'Notebook Dell', 3600, '2024-01-05T00:00:00.000Z', 'credito', TRUE, 12, FALSE, NULL, NULL, NULL, '2025-10-08T21:01:05.876Z', '2025-10-08T21:01:05.876Z') ON CONFLICT (id) DO NOTHING;
INSERT INTO despesas (id, user_id, categoria_id, banco_id, cartao_id, descricao, valor_total, data, forma_pagamento, parcelado, numero_parcelas, recorrente, tipo_recorrencia, observacoes, comprovante, created_at, updated_at) VALUES ('68e6d111fa1493987c1b924e', '68e6d111fa1493987c1b91ef', '68e6d111fa1493987c1b91fc', '68e6d111fa1493987c1b9216', NULL, 'Aluguel', 1200, '2024-01-01T00:00:00.000Z', 'debito', FALSE, NULL, TRUE, 'mensal', NULL, NULL, '2025-10-08T21:01:05.883Z', '2025-10-08T21:01:05.883Z') ON CONFLICT (id) DO NOTHING;
INSERT INTO despesas (id, user_id, categoria_id, banco_id, cartao_id, descricao, valor_total, data, forma_pagamento, parcelado, numero_parcelas, recorrente, tipo_recorrencia, observacoes, comprovante, created_at, updated_at) VALUES ('68e9a05d9bd285794d2bd609', '68e6f3a3fb65749e4bb3a4f1', '68e6f3a3fb65749e4bb3a4fb', '68e99b759bd285794d2bd4ed', NULL, 'Água casa', 43.72, '2025-10-09T00:00:00.000Z', 'debito', FALSE, NULL, TRUE, 'mensal', '', NULL, '2025-10-11T00:10:05.900Z', '2025-10-11T00:10:05.900Z') ON CONFLICT (id) DO NOTHING;
INSERT INTO despesas (id, user_id, categoria_id, banco_id, cartao_id, descricao, valor_total, data, forma_pagamento, parcelado, numero_parcelas, recorrente, tipo_recorrencia, observacoes, comprovante, created_at, updated_at) VALUES ('68e9a0819bd285794d2bd620', '68e6f3a3fb65749e4bb3a4f1', '68e6f3a3fb65749e4bb3a4fb', '68e99b759bd285794d2bd4ed', NULL, 'Água área', 265.23, '2025-10-09T00:00:00.000Z', 'debito', FALSE, NULL, TRUE, 'mensal', '', NULL, '2025-10-11T00:10:41.887Z', '2025-10-11T00:10:41.887Z') ON CONFLICT (id) DO NOTHING;
INSERT INTO despesas (id, user_id, categoria_id, banco_id, cartao_id, descricao, valor_total, data, forma_pagamento, parcelado, numero_parcelas, recorrente, tipo_recorrencia, observacoes, comprovante, created_at, updated_at) VALUES ('68e9a0a79bd285794d2bd637', '68e6f3a3fb65749e4bb3a4f1', '68e6f3a3fb65749e4bb3a4fc', '68e99b759bd285794d2bd4ed', NULL, 'Unimed', 1013.27, '2025-10-20T00:00:00.000Z', 'debito', FALSE, NULL, TRUE, 'mensal', '', NULL, '2025-10-11T00:11:19.390Z', '2025-10-11T00:11:19.390Z') ON CONFLICT (id) DO NOTHING;
INSERT INTO despesas (id, user_id, categoria_id, banco_id, cartao_id, descricao, valor_total, data, forma_pagamento, parcelado, numero_parcelas, recorrente, tipo_recorrencia, observacoes, comprovante, created_at, updated_at) VALUES ('68e9a0d49bd285794d2bd64e', '68e6f3a3fb65749e4bb3a4f1', '68e6f3a3fb65749e4bb3a4fb', '68e99b759bd285794d2bd4ed', NULL, 'IPTU', 190.12, '2025-10-14T00:00:00.000Z', 'debito', FALSE, NULL, TRUE, 'mensal', '', NULL, '2025-10-11T00:12:04.265Z', '2025-10-11T15:27:13.272Z') ON CONFLICT (id) DO NOTHING;
INSERT INTO despesas (id, user_id, categoria_id, banco_id, cartao_id, descricao, valor_total, data, forma_pagamento, parcelado, numero_parcelas, recorrente, tipo_recorrencia, observacoes, comprovante, created_at, updated_at) VALUES ('68e9a0fa9bd285794d2bd665', '68e6f3a3fb65749e4bb3a4f1', '68e6f3a3fb65749e4bb3a4fb', '68e99b759bd285794d2bd4ed', NULL, 'Energia solar', 668.67, '2025-10-21T00:00:00.000Z', 'debito', FALSE, NULL, TRUE, 'mensal', '', NULL, '2025-10-11T00:12:42.959Z', '2025-10-11T15:27:40.654Z') ON CONFLICT (id) DO NOTHING;
INSERT INTO despesas (id, user_id, categoria_id, banco_id, cartao_id, descricao, valor_total, data, forma_pagamento, parcelado, numero_parcelas, recorrente, tipo_recorrencia, observacoes, comprovante, created_at, updated_at) VALUES ('68e9a11f9bd285794d2bd67c', '68e6f3a3fb65749e4bb3a4f1', '68e6f3a3fb65749e4bb3a4fb', '68e99b759bd285794d2bd4ed', NULL, 'Internet', 154.88, '2025-10-09T00:00:00.000Z', 'debito', FALSE, NULL, TRUE, 'mensal', '', NULL, '2025-10-11T00:13:19.090Z', '2025-10-11T15:28:48.615Z') ON CONFLICT (id) DO NOTHING;
INSERT INTO despesas (id, user_id, categoria_id, banco_id, cartao_id, descricao, valor_total, data, forma_pagamento, parcelado, numero_parcelas, recorrente, tipo_recorrencia, observacoes, comprovante, created_at, updated_at) VALUES ('68e9a1579bd285794d2bd693', '68e6f3a3fb65749e4bb3a4f1', '68e9a1c99bd285794d2bd6a4', '68e99ba59bd285794d2bd4f4', NULL, 'Pet''s', 545.9, '2025-10-05T00:00:00.000Z', 'debito', FALSE, NULL, TRUE, 'mensal', '', NULL, '2025-10-11T00:14:15.584Z', '2025-10-11T15:29:18.711Z') ON CONFLICT (id) DO NOTHING;
INSERT INTO despesas (id, user_id, categoria_id, banco_id, cartao_id, descricao, valor_total, data, forma_pagamento, parcelado, numero_parcelas, recorrente, tipo_recorrencia, observacoes, comprovante, created_at, updated_at) VALUES ('68e9a21b9bd285794d2bd6d7', '68e6f3a3fb65749e4bb3a4f1', '68e6f3a3fb65749e4bb3a4f9', '68e99b759bd285794d2bd4ed', NULL, 'Supermercado', 250.76, '2025-10-05T00:00:00.000Z', 'debito', FALSE, NULL, FALSE, 'mensal', '', NULL, '2025-10-11T00:17:31.347Z', '2025-10-11T00:17:31.347Z') ON CONFLICT (id) DO NOTHING;
INSERT INTO despesas (id, user_id, categoria_id, banco_id, cartao_id, descricao, valor_total, data, forma_pagamento, parcelado, numero_parcelas, recorrente, tipo_recorrencia, observacoes, comprovante, created_at, updated_at) VALUES ('68e9a2399bd285794d2bd6ee', '68e6f3a3fb65749e4bb3a4f1', '68e6f3a3fb65749e4bb3a4fb', '68e99b759bd285794d2bd4ed', NULL, 'Vigia', 60, '2025-10-05T00:00:00.000Z', 'debito', FALSE, NULL, TRUE, 'mensal', '', NULL, '2025-10-11T00:18:01.063Z', '2025-10-11T00:18:01.063Z') ON CONFLICT (id) DO NOTHING;
INSERT INTO despesas (id, user_id, categoria_id, banco_id, cartao_id, descricao, valor_total, data, forma_pagamento, parcelado, numero_parcelas, recorrente, tipo_recorrencia, observacoes, comprovante, created_at, updated_at) VALUES ('68e9a2559bd285794d2bd705', '68e6f3a3fb65749e4bb3a4f1', '68ea783b9bd285794d2bdb30', '68e99b759bd285794d2bd4ed', NULL, 'Manicure', 140, '2025-10-03T00:00:00.000Z', 'debito', FALSE, NULL, TRUE, 'mensal', '', NULL, '2025-10-11T00:18:29.363Z', '2025-10-11T15:32:15.388Z') ON CONFLICT (id) DO NOTHING;
INSERT INTO despesas (id, user_id, categoria_id, banco_id, cartao_id, descricao, valor_total, data, forma_pagamento, parcelado, numero_parcelas, recorrente, tipo_recorrencia, observacoes, comprovante, created_at, updated_at) VALUES ('68e9a2d59bd285794d2bd733', '68e6f3a3fb65749e4bb3a4f1', '68e6f3a3fb65749e4bb3a4fc', '68e99b759bd285794d2bd4ed', NULL, 'Unimed coparticipação', 266.23, '2025-10-19T00:00:00.000Z', 'debito', FALSE, NULL, TRUE, 'mensal', '', NULL, '2025-10-11T00:20:37.341Z', '2025-10-11T15:27:29.855Z') ON CONFLICT (id) DO NOTHING;
INSERT INTO despesas (id, user_id, categoria_id, banco_id, cartao_id, descricao, valor_total, data, forma_pagamento, parcelado, numero_parcelas, recorrente, tipo_recorrencia, observacoes, comprovante, created_at, updated_at) VALUES ('68e9a3659bd285794d2bd763', '68e6f3a3fb65749e4bb3a4f1', '68e6f3a3fb65749e4bb3a4fb', '68e99b759bd285794d2bd4ed', NULL, 'CPFL', 196.38, '2025-10-13T00:00:00.000Z', 'debito', FALSE, NULL, TRUE, 'mensal', '', NULL, '2025-10-11T00:23:01.499Z', '2025-10-11T00:23:01.499Z') ON CONFLICT (id) DO NOTHING;
INSERT INTO despesas (id, user_id, categoria_id, banco_id, cartao_id, descricao, valor_total, data, forma_pagamento, parcelado, numero_parcelas, recorrente, tipo_recorrencia, observacoes, comprovante, created_at, updated_at) VALUES ('68ea74dd9bd285794d2bd877', '68e6f3a3fb65749e4bb3a4f1', '68e9a4ac9bd285794d2bd78b', '68e99ba59bd285794d2bd4f4', NULL, 'Cuidador Eva', 310, '2025-10-10T00:00:00.000Z', 'debito', FALSE, NULL, TRUE, 'mensal', '', NULL, '2025-10-11T15:16:45.212Z', '2025-10-11T15:16:45.212Z') ON CONFLICT (id) DO NOTHING;
INSERT INTO despesas (id, user_id, categoria_id, banco_id, cartao_id, descricao, valor_total, data, forma_pagamento, parcelado, numero_parcelas, recorrente, tipo_recorrencia, observacoes, comprovante, created_at, updated_at) VALUES ('68ea74f59bd285794d2bd88e', '68e6f3a3fb65749e4bb3a4f1', '68e9a4ac9bd285794d2bd78b', '68e99ba59bd285794d2bd4f4', NULL, 'Cuidador Ricardo', 150, '2025-10-11T00:00:00.000Z', 'debito', FALSE, NULL, TRUE, 'mensal', '', NULL, '2025-10-11T15:17:09.345Z', '2025-10-11T15:17:09.345Z') ON CONFLICT (id) DO NOTHING;
INSERT INTO despesas (id, user_id, categoria_id, banco_id, cartao_id, descricao, valor_total, data, forma_pagamento, parcelado, numero_parcelas, recorrente, tipo_recorrencia, observacoes, comprovante, created_at, updated_at) VALUES ('68ea752b9bd285794d2bd8a5', '68e6f3a3fb65749e4bb3a4f1', '68e9a4ac9bd285794d2bd78b', '68e99ba59bd285794d2bd4f4', NULL, 'Cuidador Ricardo', 150, '2025-10-09T00:00:00.000Z', 'debito', FALSE, NULL, TRUE, 'mensal', '', NULL, '2025-10-11T15:18:03.017Z', '2025-10-11T15:18:03.017Z') ON CONFLICT (id) DO NOTHING;
INSERT INTO despesas (id, user_id, categoria_id, banco_id, cartao_id, descricao, valor_total, data, forma_pagamento, parcelado, numero_parcelas, recorrente, tipo_recorrencia, observacoes, comprovante, created_at, updated_at) VALUES ('68ea756b9bd285794d2bd8bc', '68e6f3a3fb65749e4bb3a4f1', '68e9a4ac9bd285794d2bd78b', '68e99ba59bd285794d2bd4f4', NULL, 'Cuidador Michel', 150, '2025-10-01T00:00:00.000Z', 'debito', FALSE, NULL, TRUE, 'mensal', '', NULL, '2025-10-11T15:19:07.823Z', '2025-10-11T15:19:07.823Z') ON CONFLICT (id) DO NOTHING;
INSERT INTO despesas (id, user_id, categoria_id, banco_id, cartao_id, descricao, valor_total, data, forma_pagamento, parcelado, numero_parcelas, recorrente, tipo_recorrencia, observacoes, comprovante, created_at, updated_at) VALUES ('68ea758a9bd285794d2bd8d3', '68e6f3a3fb65749e4bb3a4f1', '68e9a4ac9bd285794d2bd78b', '68e99ba59bd285794d2bd4f4', NULL, 'Cuidador Eva', 310, '2025-10-02T00:00:00.000Z', 'debito', FALSE, NULL, TRUE, 'mensal', '', NULL, '2025-10-11T15:19:38.914Z', '2025-10-11T15:19:38.914Z') ON CONFLICT (id) DO NOTHING;
INSERT INTO despesas (id, user_id, categoria_id, banco_id, cartao_id, descricao, valor_total, data, forma_pagamento, parcelado, numero_parcelas, recorrente, tipo_recorrencia, observacoes, comprovante, created_at, updated_at) VALUES ('68ea75aa9bd285794d2bd8ea', '68e6f3a3fb65749e4bb3a4f1', '68e9a4ac9bd285794d2bd78b', '68e99ba59bd285794d2bd4f4', NULL, 'Cuidador Michel', 310, '2025-10-03T00:00:00.000Z', 'debito', FALSE, NULL, TRUE, 'mensal', '', NULL, '2025-10-11T15:20:10.178Z', '2025-10-11T15:20:10.178Z') ON CONFLICT (id) DO NOTHING;
INSERT INTO despesas (id, user_id, categoria_id, banco_id, cartao_id, descricao, valor_total, data, forma_pagamento, parcelado, numero_parcelas, recorrente, tipo_recorrencia, observacoes, comprovante, created_at, updated_at) VALUES ('68ea75c19bd285794d2bd901', '68e6f3a3fb65749e4bb3a4f1', '68e9a4ac9bd285794d2bd78b', '68e99ba59bd285794d2bd4f4', NULL, 'Cuidador Susana', 310, '2025-10-04T00:00:00.000Z', 'debito', FALSE, NULL, TRUE, 'mensal', '', NULL, '2025-10-11T15:20:33.925Z', '2025-10-11T15:20:33.925Z') ON CONFLICT (id) DO NOTHING;
INSERT INTO despesas (id, user_id, categoria_id, banco_id, cartao_id, descricao, valor_total, data, forma_pagamento, parcelado, numero_parcelas, recorrente, tipo_recorrencia, observacoes, comprovante, created_at, updated_at) VALUES ('68ea75dd9bd285794d2bd918', '68e6f3a3fb65749e4bb3a4f1', '68e9a4ac9bd285794d2bd78b', '68e99ba59bd285794d2bd4f4', NULL, 'Cuidador Susana', 160, '2025-10-05T00:00:00.000Z', 'debito', FALSE, NULL, TRUE, 'mensal', '', NULL, '2025-10-11T15:21:01.632Z', '2025-10-11T15:21:01.632Z') ON CONFLICT (id) DO NOTHING;
INSERT INTO despesas (id, user_id, categoria_id, banco_id, cartao_id, descricao, valor_total, data, forma_pagamento, parcelado, numero_parcelas, recorrente, tipo_recorrencia, observacoes, comprovante, created_at, updated_at) VALUES ('68ea75f99bd285794d2bd92f', '68e6f3a3fb65749e4bb3a4f1', '68e9a4ac9bd285794d2bd78b', '68e99ba59bd285794d2bd4f4', NULL, 'Cuidador Eva', 310, '2025-10-06T00:00:00.000Z', 'debito', FALSE, NULL, TRUE, 'mensal', '', NULL, '2025-10-11T15:21:29.009Z', '2025-10-11T15:21:29.009Z') ON CONFLICT (id) DO NOTHING;
INSERT INTO despesas (id, user_id, categoria_id, banco_id, cartao_id, descricao, valor_total, data, forma_pagamento, parcelado, numero_parcelas, recorrente, tipo_recorrencia, observacoes, comprovante, created_at, updated_at) VALUES ('68ea761b9bd285794d2bd946', '68e6f3a3fb65749e4bb3a4f1', '68e9a4ac9bd285794d2bd78b', '68e99ba59bd285794d2bd4f4', NULL, 'Cuidador Michel', 150, '2025-10-07T00:00:00.000Z', 'debito', FALSE, NULL, TRUE, 'mensal', '', NULL, '2025-10-11T15:22:03.079Z', '2025-10-11T15:22:03.079Z') ON CONFLICT (id) DO NOTHING;
INSERT INTO despesas (id, user_id, categoria_id, banco_id, cartao_id, descricao, valor_total, data, forma_pagamento, parcelado, numero_parcelas, recorrente, tipo_recorrencia, observacoes, comprovante, created_at, updated_at) VALUES ('68ea76399bd285794d2bd95d', '68e6f3a3fb65749e4bb3a4f1', '68e9a4ac9bd285794d2bd78b', '68e99ba59bd285794d2bd4f4', NULL, 'Cuidador Susana', 160, '2025-10-07T00:00:00.000Z', 'debito', FALSE, NULL, TRUE, 'mensal', '', NULL, '2025-10-11T15:22:33.666Z', '2025-10-11T15:22:33.666Z') ON CONFLICT (id) DO NOTHING;
INSERT INTO despesas (id, user_id, categoria_id, banco_id, cartao_id, descricao, valor_total, data, forma_pagamento, parcelado, numero_parcelas, recorrente, tipo_recorrencia, observacoes, comprovante, created_at, updated_at) VALUES ('68ea76579bd285794d2bd974', '68e6f3a3fb65749e4bb3a4f1', '68e9a4ac9bd285794d2bd78b', '68e99ba59bd285794d2bd4f4', NULL, 'Cuidador Eva', 310, '2025-10-08T00:00:00.000Z', 'debito', FALSE, NULL, TRUE, 'mensal', '', NULL, '2025-10-11T15:23:03.992Z', '2025-10-11T15:23:03.992Z') ON CONFLICT (id) DO NOTHING;
INSERT INTO despesas (id, user_id, categoria_id, banco_id, cartao_id, descricao, valor_total, data, forma_pagamento, parcelado, numero_parcelas, recorrente, tipo_recorrencia, observacoes, comprovante, created_at, updated_at) VALUES ('68ea767e9bd285794d2bd98b', '68e6f3a3fb65749e4bb3a4f1', '68e9a4d59bd285794d2bd792', '68e99ba59bd285794d2bd4f4', NULL, 'Remédio Pai', 78.34, '2025-10-07T00:00:00.000Z', 'debito', FALSE, NULL, TRUE, 'mensal', '', NULL, '2025-10-11T15:23:42.471Z', '2025-10-11T15:28:21.908Z') ON CONFLICT (id) DO NOTHING;
INSERT INTO despesas (id, user_id, categoria_id, banco_id, cartao_id, descricao, valor_total, data, forma_pagamento, parcelado, numero_parcelas, recorrente, tipo_recorrencia, observacoes, comprovante, created_at, updated_at) VALUES ('68ea769c9bd285794d2bd9a2', '68e6f3a3fb65749e4bb3a4f1', '68e9a4d59bd285794d2bd792', '68e99ba59bd285794d2bd4f4', NULL, 'Almofada Pai', 88.9, '2025-10-08T00:00:00.000Z', 'debito', FALSE, NULL, TRUE, 'mensal', '', NULL, '2025-10-11T15:24:12.853Z', '2025-10-11T15:28:06.012Z') ON CONFLICT (id) DO NOTHING;
INSERT INTO despesas (id, user_id, categoria_id, banco_id, cartao_id, descricao, valor_total, data, forma_pagamento, parcelado, numero_parcelas, recorrente, tipo_recorrencia, observacoes, comprovante, created_at, updated_at) VALUES ('68ea76bc9bd285794d2bd9b9', '68e6f3a3fb65749e4bb3a4f1', '68e9a4d59bd285794d2bd792', '68e99ba59bd285794d2bd4f4', NULL, 'Capa carro Pai', 87.87, '2025-10-07T00:00:00.000Z', 'debito', FALSE, NULL, TRUE, 'mensal', '', NULL, '2025-10-11T15:24:44.364Z', '2025-10-11T15:28:36.222Z') ON CONFLICT (id) DO NOTHING;
INSERT INTO despesas (id, user_id, categoria_id, banco_id, cartao_id, descricao, valor_total, data, forma_pagamento, parcelado, numero_parcelas, recorrente, tipo_recorrencia, observacoes, comprovante, created_at, updated_at) VALUES ('68ea76e09bd285794d2bd9d0', '68e6f3a3fb65749e4bb3a4f1', '68e9a4d59bd285794d2bd792', '68e99ba59bd285794d2bd4f4', NULL, 'Neuro Pai', 600, '2025-10-01T00:00:00.000Z', 'debito', FALSE, NULL, TRUE, 'mensal', '', NULL, '2025-10-11T15:25:20.418Z', '2025-10-11T15:31:40.945Z') ON CONFLICT (id) DO NOTHING;
INSERT INTO despesas (id, user_id, categoria_id, banco_id, cartao_id, descricao, valor_total, data, forma_pagamento, parcelado, numero_parcelas, recorrente, tipo_recorrencia, observacoes, comprovante, created_at, updated_at) VALUES ('68ea770a9bd285794d2bd9e7', '68e6f3a3fb65749e4bb3a4f1', '68e9a4d59bd285794d2bd792', '68e99ba59bd285794d2bd4f4', NULL, 'Perito Judicial Pai', 750, '2025-10-01T00:00:00.000Z', 'debito', FALSE, NULL, TRUE, 'anual', '', NULL, '2025-10-11T15:26:02.634Z', '2025-10-11T15:31:59.328Z') ON CONFLICT (id) DO NOTHING;
INSERT INTO despesas (id, user_id, categoria_id, banco_id, cartao_id, descricao, valor_total, data, forma_pagamento, parcelado, numero_parcelas, recorrente, tipo_recorrencia, observacoes, comprovante, created_at, updated_at) VALUES ('68eae1189bd285794d2bdd03', '68e6f3a3fb65749e4bb3a4f1', '68eae18e9bd285794d2bdd31', '68eae1469bd285794d2bdd14', NULL, 'Financiamento Casa', 2297.97, '2025-10-19T00:00:00.000Z', 'debito', FALSE, NULL, TRUE, 'mensal', '', NULL, '2025-10-11T22:58:32.909Z', '2025-10-11T23:02:07.299Z') ON CONFLICT (id) DO NOTHING;
INSERT INTO despesas (id, user_id, categoria_id, banco_id, cartao_id, descricao, valor_total, data, forma_pagamento, parcelado, numero_parcelas, recorrente, tipo_recorrencia, observacoes, comprovante, created_at, updated_at) VALUES ('68eae25d9bd285794d2bdda3', '68e6f3a3fb65749e4bb3a4f1', '68e9a4ac9bd285794d2bd78b', '68e99ba59bd285794d2bd4f4', NULL, 'Cuidador Susana', 160, '2025-10-11T00:00:00.000Z', 'debito', FALSE, NULL, FALSE, 'mensal', '', NULL, '2025-10-11T23:03:57.140Z', '2025-10-11T23:03:57.140Z') ON CONFLICT (id) DO NOTHING;
INSERT INTO despesas (id, user_id, categoria_id, banco_id, cartao_id, descricao, valor_total, data, forma_pagamento, parcelado, numero_parcelas, recorrente, tipo_recorrencia, observacoes, comprovante, created_at, updated_at) VALUES ('68eb93a99bd285794d2bdf50', '68e6f3a3fb65749e4bb3a4f1', '68eb93c99bd285794d2bdf61', '68e99b759bd285794d2bd4ed', NULL, 'Total Pass', 299, '2025-10-09T00:00:00.000Z', 'debito', FALSE, NULL, TRUE, 'mensal', '', NULL, '2025-10-12T11:40:25.621Z', '2025-10-12T11:41:31.603Z') ON CONFLICT (id) DO NOTHING;
INSERT INTO despesas (id, user_id, categoria_id, banco_id, cartao_id, descricao, valor_total, data, forma_pagamento, parcelado, numero_parcelas, recorrente, tipo_recorrencia, observacoes, comprovante, created_at, updated_at) VALUES ('68eb94539bd285794d2bdfc1', '68e6f3a3fb65749e4bb3a4f1', '68e6f3a3fb65749e4bb3a4fc', '68e99bfa9bd285794d2bd4fb', NULL, 'Maju aparelho', 1400, '2025-10-10T00:00:00.000Z', 'debito', FALSE, NULL, TRUE, 'mensal', '', NULL, '2025-10-12T11:43:15.212Z', '2025-10-12T11:43:15.212Z') ON CONFLICT (id) DO NOTHING;
INSERT INTO despesas (id, user_id, categoria_id, banco_id, cartao_id, descricao, valor_total, data, forma_pagamento, parcelado, numero_parcelas, recorrente, tipo_recorrencia, observacoes, comprovante, created_at, updated_at) VALUES ('68ec30ad9bd285794d2be033', '68e6f3a3fb65749e4bb3a4f1', '68e9a4ac9bd285794d2bd78b', '68e99ba59bd285794d2bd4f4', NULL, 'Cuidador Eva', 310, '2025-10-12T00:00:00.000Z', 'debito', FALSE, NULL, TRUE, 'mensal', '', NULL, '2025-10-12T22:50:21.922Z', '2025-10-12T22:50:21.922Z') ON CONFLICT (id) DO NOTHING;
INSERT INTO despesas (id, user_id, categoria_id, banco_id, cartao_id, descricao, valor_total, data, forma_pagamento, parcelado, numero_parcelas, recorrente, tipo_recorrencia, observacoes, comprovante, created_at, updated_at) VALUES ('68ec30ec9bd285794d2be04a', '68e6f3a3fb65749e4bb3a4f1', '68e9a4d59bd285794d2bd792', '68e99ba59bd285794d2bd4f4', NULL, 'Mercado', 743.18, '2025-10-12T00:00:00.000Z', 'debito', FALSE, NULL, TRUE, 'mensal', '', NULL, '2025-10-12T22:51:24.990Z', '2025-10-12T22:51:24.990Z') ON CONFLICT (id) DO NOTHING;
INSERT INTO despesas (id, user_id, categoria_id, banco_id, cartao_id, descricao, valor_total, data, forma_pagamento, parcelado, numero_parcelas, recorrente, tipo_recorrencia, observacoes, comprovante, created_at, updated_at) VALUES ('68ecdb5b9bd285794d2be214', '68e6f3a3fb65749e4bb3a4f1', '68e9a4d59bd285794d2bd792', '68e99ba59bd285794d2bd4f4', NULL, 'Jogos', 48.59, '2025-10-13T00:00:00.000Z', 'debito', FALSE, NULL, FALSE, 'mensal', '', NULL, '2025-10-13T10:58:35.799Z', '2025-10-13T10:58:35.799Z') ON CONFLICT (id) DO NOTHING;
INSERT INTO despesas (id, user_id, categoria_id, banco_id, cartao_id, descricao, valor_total, data, forma_pagamento, parcelado, numero_parcelas, recorrente, tipo_recorrencia, observacoes, comprovante, created_at, updated_at) VALUES ('68ecdbb09bd285794d2be22b', '68e6f3a3fb65749e4bb3a4f1', '68e9a4ac9bd285794d2bd78b', '68e99ba59bd285794d2bd4f4', NULL, 'Ricardo cuidador', 150, '2025-10-13T00:00:00.000Z', 'debito', FALSE, NULL, FALSE, 'mensal', '', NULL, '2025-10-13T11:00:00.082Z', '2025-10-13T11:00:00.082Z') ON CONFLICT (id) DO NOTHING;
INSERT INTO despesas (id, user_id, categoria_id, banco_id, cartao_id, descricao, valor_total, data, forma_pagamento, parcelado, numero_parcelas, recorrente, tipo_recorrencia, observacoes, comprovante, created_at, updated_at) VALUES ('68ed34559bd285794d2be2d9', '68e6f3a3fb65749e4bb3a4f1', '68e9a4d59bd285794d2bd792', '68e99ba59bd285794d2bd4f4', NULL, 'Jogos', 91.28, '2025-10-13T00:00:00.000Z', 'debito', FALSE, NULL, FALSE, 'mensal', '', NULL, '2025-10-13T17:18:13.191Z', '2025-10-13T17:18:13.191Z') ON CONFLICT (id) DO NOTHING;
INSERT INTO despesas (id, user_id, categoria_id, banco_id, cartao_id, descricao, valor_total, data, forma_pagamento, parcelado, numero_parcelas, recorrente, tipo_recorrencia, observacoes, comprovante, created_at, updated_at) VALUES ('68ed87beb0560b7bb73c25ca', '68e6f3a3fb65749e4bb3a4f1', '68e9a4ac9bd285794d2bd78b', '68e99ba59bd285794d2bd4f4', NULL, 'Cuidador Susana', 160, '2025-10-13T00:00:00.000Z', 'debito', FALSE, NULL, FALSE, 'mensal', '', NULL, '2025-10-13T23:14:06.356Z', '2025-10-13T23:14:06.356Z') ON CONFLICT (id) DO NOTHING;
INSERT INTO despesas (id, user_id, categoria_id, banco_id, cartao_id, descricao, valor_total, data, forma_pagamento, parcelado, numero_parcelas, recorrente, tipo_recorrencia, observacoes, comprovante, created_at, updated_at) VALUES ('68eeb71eb0560b7bb73c2758', '68e6f3a3fb65749e4bb3a4f1', '68e9a4ac9bd285794d2bd78b', '68e99ba59bd285794d2bd4f4', NULL, 'Eva cuidador', 310, '2025-10-14T00:00:00.000Z', 'debito', FALSE, NULL, TRUE, 'mensal', '', NULL, '2025-10-14T20:48:30.682Z', '2025-10-14T20:48:30.682Z') ON CONFLICT (id) DO NOTHING;
INSERT INTO despesas (id, user_id, categoria_id, banco_id, cartao_id, descricao, valor_total, data, forma_pagamento, parcelado, numero_parcelas, recorrente, tipo_recorrencia, observacoes, comprovante, created_at, updated_at) VALUES ('68ef82b1b0560b7bb73c27e0', '68e6f3a3fb65749e4bb3a4f1', '68e9a4ac9bd285794d2bd78b', '68e99ba59bd285794d2bd4f4', NULL, 'Ricardo cuidador', 150, '2025-10-15T00:00:00.000Z', 'debito', FALSE, NULL, FALSE, 'mensal', '', NULL, '2025-10-15T11:17:05.651Z', '2025-10-15T11:17:05.651Z') ON CONFLICT (id) DO NOTHING;
INSERT INTO despesas (id, user_id, categoria_id, banco_id, cartao_id, descricao, valor_total, data, forma_pagamento, parcelado, numero_parcelas, recorrente, tipo_recorrencia, observacoes, comprovante, created_at, updated_at) VALUES ('68ef841eb0560b7bb73c2941', '68e6f3a3fb65749e4bb3a4f1', '68ef8402b0560b7bb73c2916', '68e99ba59bd285794d2bd4f4', NULL, 'Dolar Viagem', 6000, '2025-10-07T00:00:00.000Z', 'debito', FALSE, NULL, FALSE, 'mensal', '', NULL, '2025-10-15T11:23:10.875Z', '2025-10-15T11:23:10.875Z') ON CONFLICT (id) DO NOTHING;
INSERT INTO despesas (id, user_id, categoria_id, banco_id, cartao_id, descricao, valor_total, data, forma_pagamento, parcelado, numero_parcelas, recorrente, tipo_recorrencia, observacoes, comprovante, created_at, updated_at) VALUES ('68ef8435b0560b7bb73c2959', '68e6f3a3fb65749e4bb3a4f1', '68ef8402b0560b7bb73c2916', '68e99ba59bd285794d2bd4f4', NULL, 'Dolar Viagem', 4000, '2025-10-14T00:00:00.000Z', 'debito', FALSE, NULL, FALSE, 'mensal', '', NULL, '2025-10-15T11:23:33.382Z', '2025-10-15T11:23:33.382Z') ON CONFLICT (id) DO NOTHING;
INSERT INTO despesas (id, user_id, categoria_id, banco_id, cartao_id, descricao, valor_total, data, forma_pagamento, parcelado, numero_parcelas, recorrente, tipo_recorrencia, observacoes, comprovante, created_at, updated_at) VALUES ('68ef968d7ac7a0a7dbf2b3d4', '68e6f3a3fb65749e4bb3a4f1', '68e6f3a3fb65749e4bb3a500', '68e99b759bd285794d2bd4ed', NULL, 'Celular', 148.18, '2025-10-14T00:00:00.000Z', 'debito', FALSE, NULL, FALSE, 'mensal', '', NULL, '2025-10-15T12:41:49.458Z', '2025-10-15T12:42:12.452Z') ON CONFLICT (id) DO NOTHING;
INSERT INTO despesas (id, user_id, categoria_id, banco_id, cartao_id, descricao, valor_total, data, forma_pagamento, parcelado, numero_parcelas, recorrente, tipo_recorrencia, observacoes, comprovante, created_at, updated_at) VALUES ('68f0e65f7ac7a0a7dbf2b43c', '68e6f3a3fb65749e4bb3a4f1', '68e9a4ac9bd285794d2bd78b', '68e99ba59bd285794d2bd4f4', NULL, 'Eva cuidador', 310, '2025-10-16T00:00:00.000Z', 'debito', FALSE, NULL, FALSE, 'mensal', '', NULL, '2025-10-16T12:34:39.042Z', '2025-10-16T12:34:39.042Z') ON CONFLICT (id) DO NOTHING;
INSERT INTO despesas (id, user_id, categoria_id, banco_id, cartao_id, descricao, valor_total, data, forma_pagamento, parcelado, numero_parcelas, recorrente, tipo_recorrencia, observacoes, comprovante, created_at, updated_at) VALUES ('68f0e6867ac7a0a7dbf2b466', '68e6f3a3fb65749e4bb3a4f1', '68e9a4d59bd285794d2bd792', '68e99ba59bd285794d2bd4f4', NULL, 'Fisio Pai', 150, '2025-10-15T00:00:00.000Z', 'debito', FALSE, NULL, FALSE, 'mensal', '', NULL, '2025-10-16T12:35:18.605Z', '2025-10-16T12:35:18.605Z') ON CONFLICT (id) DO NOTHING;
INSERT INTO despesas (id, user_id, categoria_id, banco_id, cartao_id, descricao, valor_total, data, forma_pagamento, parcelado, numero_parcelas, recorrente, tipo_recorrencia, observacoes, comprovante, created_at, updated_at) VALUES ('68f23a1f7ac7a0a7dbf2b512', '68e6f3a3fb65749e4bb3a4f1', '68e9a4ac9bd285794d2bd78b', '68e99ba59bd285794d2bd4f4', NULL, 'Ricardo cuidador', 150, '2025-10-17T00:00:00.000Z', 'debito', FALSE, NULL, FALSE, 'mensal', '', NULL, '2025-10-17T12:44:15.775Z', '2025-10-17T12:44:15.775Z') ON CONFLICT (id) DO NOTHING;
INSERT INTO despesas (id, user_id, categoria_id, banco_id, cartao_id, descricao, valor_total, data, forma_pagamento, parcelado, numero_parcelas, recorrente, tipo_recorrencia, observacoes, comprovante, created_at, updated_at) VALUES ('68f2a75b7ac7a0a7dbf2b564', '68e6f3a3fb65749e4bb3a4f1', '68e9a4d59bd285794d2bd792', '68e99b759bd285794d2bd4ed', NULL, 'Unimed mãe', 314.27, '2025-10-17T00:00:00.000Z', 'debito', FALSE, NULL, FALSE, 'mensal', '', NULL, '2025-10-17T20:30:19.449Z', '2025-10-17T20:30:19.449Z') ON CONFLICT (id) DO NOTHING;
INSERT INTO despesas (id, user_id, categoria_id, banco_id, cartao_id, descricao, valor_total, data, forma_pagamento, parcelado, numero_parcelas, recorrente, tipo_recorrencia, observacoes, comprovante, created_at, updated_at) VALUES ('68f4e93d7ac7a0a7dbf2b626', '68e6f3a3fb65749e4bb3a4f1', '68e9a4ac9bd285794d2bd78b', '68e99ba59bd285794d2bd4f4', NULL, 'Cuidador Eva', 310, '2025-10-18T00:00:00.000Z', 'debito', FALSE, NULL, FALSE, 'mensal', '', NULL, '2025-10-19T13:35:57.878Z', '2025-10-19T13:35:57.878Z') ON CONFLICT (id) DO NOTHING;
INSERT INTO despesas (id, user_id, categoria_id, banco_id, cartao_id, descricao, valor_total, data, forma_pagamento, parcelado, numero_parcelas, recorrente, tipo_recorrencia, observacoes, comprovante, created_at, updated_at) VALUES ('68f4e9ca7ac7a0a7dbf2b677', '68e6f3a3fb65749e4bb3a4f1', '68e9a4ac9bd285794d2bd78b', '68e99ba59bd285794d2bd4f4', NULL, 'Cuidador Ricardo', 150, '2025-10-19T00:00:00.000Z', 'debito', FALSE, NULL, FALSE, 'mensal', '', NULL, '2025-10-19T13:38:18.745Z', '2025-10-19T13:38:18.745Z') ON CONFLICT (id) DO NOTHING;
INSERT INTO despesas (id, user_id, categoria_id, banco_id, cartao_id, descricao, valor_total, data, forma_pagamento, parcelado, numero_parcelas, recorrente, tipo_recorrencia, observacoes, comprovante, created_at, updated_at) VALUES ('68f4e9f57ac7a0a7dbf2b68f', '68e6f3a3fb65749e4bb3a4f1', '68e9a4d59bd285794d2bd792', '68e99ba59bd285794d2bd4f4', NULL, 'Farmácia', 52.44, '2025-10-18T00:00:00.000Z', 'debito', FALSE, NULL, FALSE, 'mensal', '', NULL, '2025-10-19T13:39:01.901Z', '2025-10-19T13:39:01.901Z') ON CONFLICT (id) DO NOTHING;
INSERT INTO despesas (id, user_id, categoria_id, banco_id, cartao_id, descricao, valor_total, data, forma_pagamento, parcelado, numero_parcelas, recorrente, tipo_recorrencia, observacoes, comprovante, created_at, updated_at) VALUES ('68f4ea117ac7a0a7dbf2b6a7', '68e6f3a3fb65749e4bb3a4f1', '68e9a4d59bd285794d2bd792', '68e99ba59bd285794d2bd4f4', NULL, 'Mercado', 489.58, '2025-10-19T00:00:00.000Z', 'debito', FALSE, NULL, FALSE, 'mensal', '', NULL, '2025-10-19T13:39:29.861Z', '2025-10-19T13:39:29.861Z') ON CONFLICT (id) DO NOTHING;
INSERT INTO despesas (id, user_id, categoria_id, banco_id, cartao_id, descricao, valor_total, data, forma_pagamento, parcelado, numero_parcelas, recorrente, tipo_recorrencia, observacoes, comprovante, created_at, updated_at) VALUES ('68f4ea2c7ac7a0a7dbf2b6bf', '68e6f3a3fb65749e4bb3a4f1', '68e9a4d59bd285794d2bd792', '68e99ba59bd285794d2bd4f4', NULL, 'Zaratini massas', 133, '2025-10-19T00:00:00.000Z', 'debito', FALSE, NULL, FALSE, 'mensal', '', NULL, '2025-10-19T13:39:56.330Z', '2025-10-19T13:39:56.330Z') ON CONFLICT (id) DO NOTHING;
INSERT INTO despesas (id, user_id, categoria_id, banco_id, cartao_id, descricao, valor_total, data, forma_pagamento, parcelado, numero_parcelas, recorrente, tipo_recorrencia, observacoes, comprovante, created_at, updated_at) VALUES ('68f4ea5a7ac7a0a7dbf2b6d7', '68e6f3a3fb65749e4bb3a4f1', '68ea783b9bd285794d2bdb30', '68e99ba59bd285794d2bd4f4', NULL, 'Cabelo', 715, '2025-10-18T00:00:00.000Z', 'debito', FALSE, NULL, FALSE, 'mensal', '', NULL, '2025-10-19T13:40:42.084Z', '2025-10-19T13:40:42.084Z') ON CONFLICT (id) DO NOTHING;
INSERT INTO despesas (id, user_id, categoria_id, banco_id, cartao_id, descricao, valor_total, data, forma_pagamento, parcelado, numero_parcelas, recorrente, tipo_recorrencia, observacoes, comprovante, created_at, updated_at) VALUES ('68f621a57ac7a0a7dbf2b71d', '68e6f3a3fb65749e4bb3a4f1', '68e9a4ac9bd285794d2bd78b', '68e99ba59bd285794d2bd4f4', NULL, 'Ricardo cuidador', 150, '2025-10-20T00:00:00.000Z', 'debito', FALSE, NULL, FALSE, 'mensal', '', NULL, '2025-10-20T11:48:53.776Z', '2025-10-20T11:48:53.776Z') ON CONFLICT (id) DO NOTHING;
INSERT INTO despesas (id, user_id, categoria_id, banco_id, cartao_id, descricao, valor_total, data, forma_pagamento, parcelado, numero_parcelas, recorrente, tipo_recorrencia, observacoes, comprovante, created_at, updated_at) VALUES ('68f621dc7ac7a0a7dbf2b735', '68e6f3a3fb65749e4bb3a4f1', '68e9a4d59bd285794d2bd792', '68e99ba59bd285794d2bd4f4', NULL, 'Exame cardiaco ICM', 190, '2025-10-20T00:00:00.000Z', 'debito', FALSE, NULL, FALSE, 'mensal', '', NULL, '2025-10-20T11:49:48.233Z', '2025-10-20T11:49:48.233Z') ON CONFLICT (id) DO NOTHING;
INSERT INTO despesas (id, user_id, categoria_id, banco_id, cartao_id, descricao, valor_total, data, forma_pagamento, parcelado, numero_parcelas, recorrente, tipo_recorrencia, observacoes, comprovante, created_at, updated_at) VALUES ('68f692087ac7a0a7dbf2b7e9', '68e6f3a3fb65749e4bb3a4f1', '68e9a1c99bd285794d2bd6a4', '68e99b759bd285794d2bd4ed', NULL, 'Pet''s', 390, '2025-10-20T00:00:00.000Z', 'debito', FALSE, NULL, FALSE, 'mensal', '', NULL, '2025-10-20T19:48:24.255Z', '2025-10-20T19:48:24.255Z') ON CONFLICT (id) DO NOTHING;
INSERT INTO despesas (id, user_id, categoria_id, banco_id, cartao_id, descricao, valor_total, data, forma_pagamento, parcelado, numero_parcelas, recorrente, tipo_recorrencia, observacoes, comprovante, created_at, updated_at) VALUES ('68f6d4117ac7a0a7dbf2b89e', '68e6f3a3fb65749e4bb3a4f1', '68e9a4ac9bd285794d2bd78b', '68e99ba59bd285794d2bd4f4', NULL, 'Cuidador Eva', 160, '2025-10-20T00:00:00.000Z', 'debito', FALSE, NULL, FALSE, 'mensal', '', NULL, '2025-10-21T00:30:09.679Z', '2025-10-21T00:30:09.679Z') ON CONFLICT (id) DO NOTHING;
INSERT INTO despesas (id, user_id, categoria_id, banco_id, cartao_id, descricao, valor_total, data, forma_pagamento, parcelado, numero_parcelas, recorrente, tipo_recorrencia, observacoes, comprovante, created_at, updated_at) VALUES ('68f6d4417ac7a0a7dbf2b8d1', '68e6f3a3fb65749e4bb3a4f1', '68e6f3a3fb65749e4bb3a4fb', '68e99ba59bd285794d2bd4f4', NULL, 'Faxina Regina', 211.5, '2025-10-20T00:00:00.000Z', 'debito', FALSE, NULL, FALSE, 'mensal', '', NULL, '2025-10-21T00:30:57.726Z', '2025-10-21T00:30:57.726Z') ON CONFLICT (id) DO NOTHING;
INSERT INTO despesas (id, user_id, categoria_id, banco_id, cartao_id, descricao, valor_total, data, forma_pagamento, parcelado, numero_parcelas, recorrente, tipo_recorrencia, observacoes, comprovante, created_at, updated_at) VALUES ('68f8d0017ac7a0a7dbf2b917', '68e6f3a3fb65749e4bb3a4f1', '68e9a4ac9bd285794d2bd78b', '68e99ba59bd285794d2bd4f4', NULL, 'Cuidador Ricardo', 150, '2025-10-21T00:00:00.000Z', 'debito', FALSE, NULL, FALSE, 'mensal', '', NULL, '2025-10-22T12:37:21.123Z', '2025-10-22T12:37:21.123Z') ON CONFLICT (id) DO NOTHING;
INSERT INTO despesas (id, user_id, categoria_id, banco_id, cartao_id, descricao, valor_total, data, forma_pagamento, parcelado, numero_parcelas, recorrente, tipo_recorrencia, observacoes, comprovante, created_at, updated_at) VALUES ('68f8d0127ac7a0a7dbf2b92f', '68e6f3a3fb65749e4bb3a4f1', '68e9a4ac9bd285794d2bd78b', '68e99ba59bd285794d2bd4f4', NULL, 'Cuidador Susana', 160, '2025-10-21T00:00:00.000Z', 'debito', FALSE, NULL, FALSE, 'mensal', '', NULL, '2025-10-22T12:37:38.184Z', '2025-10-22T12:37:38.184Z') ON CONFLICT (id) DO NOTHING;
INSERT INTO despesas (id, user_id, categoria_id, banco_id, cartao_id, descricao, valor_total, data, forma_pagamento, parcelado, numero_parcelas, recorrente, tipo_recorrencia, observacoes, comprovante, created_at, updated_at) VALUES ('68f8d0277ac7a0a7dbf2b947', '68e6f3a3fb65749e4bb3a4f1', '68e9a4ac9bd285794d2bd78b', '68e99ba59bd285794d2bd4f4', NULL, 'Cuidador Eva', 310, '2025-10-22T00:00:00.000Z', 'debito', FALSE, NULL, FALSE, 'mensal', '', NULL, '2025-10-22T12:37:59.526Z', '2025-10-22T12:37:59.526Z') ON CONFLICT (id) DO NOTHING;
INSERT INTO despesas (id, user_id, categoria_id, banco_id, cartao_id, descricao, valor_total, data, forma_pagamento, parcelado, numero_parcelas, recorrente, tipo_recorrencia, observacoes, comprovante, created_at, updated_at) VALUES ('68f8d0c97ac7a0a7dbf2b998', '68e6f3a3fb65749e4bb3a4f1', '68e9a1c99bd285794d2bd6a4', '68e99ba59bd285794d2bd4f4', NULL, 'Adrielly Madonna', 500, '2025-10-21T00:00:00.000Z', 'debito', FALSE, NULL, FALSE, 'mensal', '', NULL, '2025-10-22T12:40:41.116Z', '2025-10-22T12:40:41.116Z') ON CONFLICT (id) DO NOTHING;
INSERT INTO despesas (id, user_id, categoria_id, banco_id, cartao_id, descricao, valor_total, data, forma_pagamento, parcelado, numero_parcelas, recorrente, tipo_recorrencia, observacoes, comprovante, created_at, updated_at) VALUES ('68f8d0e47ac7a0a7dbf2b9b0', '68e6f3a3fb65749e4bb3a4f1', '68ea783b9bd285794d2bdb30', '68e99ba59bd285794d2bd4f4', NULL, 'B12 intravenosa', 150, '2025-10-22T00:00:00.000Z', 'debito', FALSE, NULL, FALSE, 'mensal', '', NULL, '2025-10-22T12:41:08.243Z', '2025-10-22T12:41:08.243Z') ON CONFLICT (id) DO NOTHING;
INSERT INTO despesas (id, user_id, categoria_id, banco_id, cartao_id, descricao, valor_total, data, forma_pagamento, parcelado, numero_parcelas, recorrente, tipo_recorrencia, observacoes, comprovante, created_at, updated_at) VALUES ('68f8d1057ac7a0a7dbf2b9c8', '68e6f3a3fb65749e4bb3a4f1', '68e9a4d59bd285794d2bd792', '68e99ba59bd285794d2bd4f4', NULL, 'Fisio', 360, '2025-10-21T00:00:00.000Z', 'debito', FALSE, NULL, FALSE, 'mensal', '', NULL, '2025-10-22T12:41:41.051Z', '2025-10-22T12:41:41.051Z') ON CONFLICT (id) DO NOTHING;
INSERT INTO despesas (id, user_id, categoria_id, banco_id, cartao_id, descricao, valor_total, data, forma_pagamento, parcelado, numero_parcelas, recorrente, tipo_recorrencia, observacoes, comprovante, created_at, updated_at) VALUES ('68f8d11d7ac7a0a7dbf2b9e0', '68e6f3a3fb65749e4bb3a4f1', '68e9a4d59bd285794d2bd792', '68e99ba59bd285794d2bd4f4', NULL, 'Seguro casa Pai', 103.11, '2025-10-21T00:00:00.000Z', 'debito', FALSE, NULL, FALSE, 'mensal', '', NULL, '2025-10-22T12:42:05.539Z', '2025-10-22T12:42:05.539Z') ON CONFLICT (id) DO NOTHING;
INSERT INTO despesas (id, user_id, categoria_id, banco_id, cartao_id, descricao, valor_total, data, forma_pagamento, parcelado, numero_parcelas, recorrente, tipo_recorrencia, observacoes, comprovante, created_at, updated_at) VALUES ('68f8d1387ac7a0a7dbf2b9f8', '68e6f3a3fb65749e4bb3a4f1', '68e9a4d59bd285794d2bd792', '68e99ba59bd285794d2bd4f4', NULL, 'Atacadão Embalagens Pai', 115.33, '2025-10-21T00:00:00.000Z', 'debito', FALSE, NULL, FALSE, 'mensal', '', NULL, '2025-10-22T12:42:32.106Z', '2025-10-22T12:42:32.106Z') ON CONFLICT (id) DO NOTHING;
INSERT INTO despesas (id, user_id, categoria_id, banco_id, cartao_id, descricao, valor_total, data, forma_pagamento, parcelado, numero_parcelas, recorrente, tipo_recorrencia, observacoes, comprovante, created_at, updated_at) VALUES ('690e51717ac7a0a7dbf2bb4e', '68e6f3a3fb65749e4bb3a4f1', '68e9a4d59bd285794d2bd792', '68e99ba59bd285794d2bd4f4', NULL, 'Calha da casa Rua Nivaldo Severo Barbosa, 65', 850, '2025-11-05T00:00:00.000Z', 'debito', FALSE, NULL, FALSE, 'mensal', '', NULL, '2025-11-07T20:07:13.938Z', '2025-11-07T20:07:13.938Z') ON CONFLICT (id) DO NOTHING;
INSERT INTO despesas (id, user_id, categoria_id, banco_id, cartao_id, descricao, valor_total, data, forma_pagamento, parcelado, numero_parcelas, recorrente, tipo_recorrencia, observacoes, comprovante, created_at, updated_at) VALUES ('690e54767ac7a0a7dbf2bb6f', '68e6f3a3fb65749e4bb3a4f1', '68e9a4ac9bd285794d2bd78b', '68e99ba59bd285794d2bd4f4', NULL, 'Eva cuidador', 310, '2025-10-24T00:00:00.000Z', 'debito', FALSE, NULL, FALSE, 'mensal', '', NULL, '2025-11-07T20:20:06.797Z', '2025-11-07T20:20:06.797Z') ON CONFLICT (id) DO NOTHING;
INSERT INTO despesas (id, user_id, categoria_id, banco_id, cartao_id, descricao, valor_total, data, forma_pagamento, parcelado, numero_parcelas, recorrente, tipo_recorrencia, observacoes, comprovante, created_at, updated_at) VALUES ('690e548b7ac7a0a7dbf2bb87', '68e6f3a3fb65749e4bb3a4f1', '68e9a4ac9bd285794d2bd78b', '68e99ba59bd285794d2bd4f4', NULL, 'Eva cuidador', 310, '2025-10-26T00:00:00.000Z', 'debito', FALSE, NULL, FALSE, 'mensal', '', NULL, '2025-11-07T20:20:27.843Z', '2025-11-07T20:20:27.843Z') ON CONFLICT (id) DO NOTHING;
INSERT INTO despesas (id, user_id, categoria_id, banco_id, cartao_id, descricao, valor_total, data, forma_pagamento, parcelado, numero_parcelas, recorrente, tipo_recorrencia, observacoes, comprovante, created_at, updated_at) VALUES ('690e54b37ac7a0a7dbf2bb9f', '68e6f3a3fb65749e4bb3a4f1', '68e9a4ac9bd285794d2bd78b', '68e99ba59bd285794d2bd4f4', NULL, 'Eva cuidador', 460, '2025-10-30T00:00:00.000Z', 'debito', FALSE, NULL, FALSE, 'mensal', '', NULL, '2025-11-07T20:21:07.116Z', '2025-11-07T20:21:07.116Z') ON CONFLICT (id) DO NOTHING;
INSERT INTO despesas (id, user_id, categoria_id, banco_id, cartao_id, descricao, valor_total, data, forma_pagamento, parcelado, numero_parcelas, recorrente, tipo_recorrencia, observacoes, comprovante, created_at, updated_at) VALUES ('690e54d47ac7a0a7dbf2bbb7', '68e6f3a3fb65749e4bb3a4f1', '68e9a4ac9bd285794d2bd78b', '68e99b759bd285794d2bd4ed', NULL, 'Eva cuidador', 310, '2025-11-04T00:00:00.000Z', 'debito', FALSE, NULL, FALSE, 'mensal', '', NULL, '2025-11-07T20:21:40.200Z', '2025-11-07T20:21:40.200Z') ON CONFLICT (id) DO NOTHING;
INSERT INTO despesas (id, user_id, categoria_id, banco_id, cartao_id, descricao, valor_total, data, forma_pagamento, parcelado, numero_parcelas, recorrente, tipo_recorrencia, observacoes, comprovante, created_at, updated_at) VALUES ('690e54e77ac7a0a7dbf2bbcf', '68e6f3a3fb65749e4bb3a4f1', '68e9a4ac9bd285794d2bd78b', '68e99ba59bd285794d2bd4f4', NULL, 'Eva cuidador', 310, '2025-11-05T00:00:00.000Z', 'debito', FALSE, NULL, FALSE, 'mensal', '', NULL, '2025-11-07T20:21:59.189Z', '2025-11-07T20:21:59.189Z') ON CONFLICT (id) DO NOTHING;
INSERT INTO despesas (id, user_id, categoria_id, banco_id, cartao_id, descricao, valor_total, data, forma_pagamento, parcelado, numero_parcelas, recorrente, tipo_recorrencia, observacoes, comprovante, created_at, updated_at) VALUES ('690e553e7ac7a0a7dbf2bbed', '68e6f3a3fb65749e4bb3a4f1', '68e9a4d59bd285794d2bd792', '68e99ba59bd285794d2bd4f4', NULL, 'Fisio Pai', 360, '2025-10-30T00:00:00.000Z', 'debito', FALSE, NULL, FALSE, 'mensal', '', NULL, '2025-11-07T20:23:26.383Z', '2025-11-07T20:23:26.383Z') ON CONFLICT (id) DO NOTHING;
INSERT INTO despesas (id, user_id, categoria_id, banco_id, cartao_id, descricao, valor_total, data, forma_pagamento, parcelado, numero_parcelas, recorrente, tipo_recorrencia, observacoes, comprovante, created_at, updated_at) VALUES ('690e55547ac7a0a7dbf2bc0b', '68e6f3a3fb65749e4bb3a4f1', '68e9a4d59bd285794d2bd792', '68e99ba59bd285794d2bd4f4', NULL, 'Fisio Pai', 360, '2025-11-05T00:00:00.000Z', 'debito', FALSE, NULL, FALSE, 'mensal', '', NULL, '2025-11-07T20:23:48.166Z', '2025-11-07T20:23:48.166Z') ON CONFLICT (id) DO NOTHING;
INSERT INTO despesas (id, user_id, categoria_id, banco_id, cartao_id, descricao, valor_total, data, forma_pagamento, parcelado, numero_parcelas, recorrente, tipo_recorrencia, observacoes, comprovante, created_at, updated_at) VALUES ('690e55b47ac7a0a7dbf2bc35', '68e6f3a3fb65749e4bb3a4f1', '68e9a4ac9bd285794d2bd78b', '68e99ba59bd285794d2bd4f4', NULL, 'Ricardo cuidador', 150, '2025-10-21T00:00:00.000Z', 'debito', FALSE, NULL, FALSE, 'mensal', '', NULL, '2025-11-07T20:25:24.629Z', '2025-11-07T20:25:24.629Z') ON CONFLICT (id) DO NOTHING;
INSERT INTO despesas (id, user_id, categoria_id, banco_id, cartao_id, descricao, valor_total, data, forma_pagamento, parcelado, numero_parcelas, recorrente, tipo_recorrencia, observacoes, comprovante, created_at, updated_at) VALUES ('690e55c27ac7a0a7dbf2bc4d', '68e6f3a3fb65749e4bb3a4f1', '68e9a4ac9bd285794d2bd78b', '68e99ba59bd285794d2bd4f4', NULL, 'Ricardo cuidador', 150, '2025-10-23T00:00:00.000Z', 'debito', FALSE, NULL, FALSE, 'mensal', '', NULL, '2025-11-07T20:25:38.453Z', '2025-11-07T20:25:38.453Z') ON CONFLICT (id) DO NOTHING;
INSERT INTO despesas (id, user_id, categoria_id, banco_id, cartao_id, descricao, valor_total, data, forma_pagamento, parcelado, numero_parcelas, recorrente, tipo_recorrencia, observacoes, comprovante, created_at, updated_at) VALUES ('690e55d07ac7a0a7dbf2bc65', '68e6f3a3fb65749e4bb3a4f1', '68e9a4ac9bd285794d2bd78b', '68e99ba59bd285794d2bd4f4', NULL, 'Ricardo cuidador', 150, '2025-10-25T00:00:00.000Z', 'debito', FALSE, NULL, FALSE, 'mensal', '', NULL, '2025-11-07T20:25:52.605Z', '2025-11-07T20:25:52.605Z') ON CONFLICT (id) DO NOTHING;
INSERT INTO despesas (id, user_id, categoria_id, banco_id, cartao_id, descricao, valor_total, data, forma_pagamento, parcelado, numero_parcelas, recorrente, tipo_recorrencia, observacoes, comprovante, created_at, updated_at) VALUES ('690e55ef7ac7a0a7dbf2bc7d', '68e6f3a3fb65749e4bb3a4f1', '68e9a4ac9bd285794d2bd78b', '68e99ba59bd285794d2bd4f4', NULL, 'Ricardo cuidador', 250, '2025-10-27T00:00:00.000Z', 'debito', FALSE, NULL, FALSE, 'mensal', '', NULL, '2025-11-07T20:26:23.028Z', '2025-11-07T20:26:23.028Z') ON CONFLICT (id) DO NOTHING;
INSERT INTO despesas (id, user_id, categoria_id, banco_id, cartao_id, descricao, valor_total, data, forma_pagamento, parcelado, numero_parcelas, recorrente, tipo_recorrencia, observacoes, comprovante, created_at, updated_at) VALUES ('690e560a7ac7a0a7dbf2bc95', '68e6f3a3fb65749e4bb3a4f1', '68e9a4ac9bd285794d2bd78b', '68e99ba59bd285794d2bd4f4', NULL, 'Ricardo cuidador', 300, '2025-11-03T00:00:00.000Z', 'debito', FALSE, NULL, FALSE, 'mensal', '', NULL, '2025-11-07T20:26:50.860Z', '2025-11-07T20:26:50.860Z') ON CONFLICT (id) DO NOTHING;
INSERT INTO despesas (id, user_id, categoria_id, banco_id, cartao_id, descricao, valor_total, data, forma_pagamento, parcelado, numero_parcelas, recorrente, tipo_recorrencia, observacoes, comprovante, created_at, updated_at) VALUES ('690e56207ac7a0a7dbf2bcad', '68e6f3a3fb65749e4bb3a4f1', '68e9a4ac9bd285794d2bd78b', '68e99ba59bd285794d2bd4f4', NULL, 'Ricardo cuidador', 150, '2025-11-04T00:00:00.000Z', 'debito', FALSE, NULL, FALSE, 'mensal', '', NULL, '2025-11-07T20:27:12.478Z', '2025-11-07T20:27:12.478Z') ON CONFLICT (id) DO NOTHING;
INSERT INTO despesas (id, user_id, categoria_id, banco_id, cartao_id, descricao, valor_total, data, forma_pagamento, parcelado, numero_parcelas, recorrente, tipo_recorrencia, observacoes, comprovante, created_at, updated_at) VALUES ('690e56797ac7a0a7dbf2bccb', '68e6f3a3fb65749e4bb3a4f1', '68e9a4ac9bd285794d2bd78b', '68e99ba59bd285794d2bd4f4', NULL, 'Susana cuidador', 160, '2025-10-04T00:00:00.000Z', 'debito', FALSE, NULL, FALSE, 'mensal', '', NULL, '2025-11-07T20:28:41.356Z', '2025-11-07T20:28:41.356Z') ON CONFLICT (id) DO NOTHING;
INSERT INTO despesas (id, user_id, categoria_id, banco_id, cartao_id, descricao, valor_total, data, forma_pagamento, parcelado, numero_parcelas, recorrente, tipo_recorrencia, observacoes, comprovante, created_at, updated_at) VALUES ('690e56887ac7a0a7dbf2bce3', '68e6f3a3fb65749e4bb3a4f1', '68e9a4ac9bd285794d2bd78b', '68e99ba59bd285794d2bd4f4', NULL, 'Susana cuidador', 160, '2025-10-23T00:00:00.000Z', 'debito', FALSE, NULL, FALSE, 'mensal', '', NULL, '2025-11-07T20:28:56.097Z', '2025-11-07T20:28:56.097Z') ON CONFLICT (id) DO NOTHING;
INSERT INTO despesas (id, user_id, categoria_id, banco_id, cartao_id, descricao, valor_total, data, forma_pagamento, parcelado, numero_parcelas, recorrente, tipo_recorrencia, observacoes, comprovante, created_at, updated_at) VALUES ('690e56937ac7a0a7dbf2bcfb', '68e6f3a3fb65749e4bb3a4f1', '68e9a4ac9bd285794d2bd78b', '68e99ba59bd285794d2bd4f4', NULL, 'Susana cuidador', 160, '2025-10-25T00:00:00.000Z', 'debito', FALSE, NULL, FALSE, 'mensal', '', NULL, '2025-11-07T20:29:07.401Z', '2025-11-07T20:29:07.401Z') ON CONFLICT (id) DO NOTHING;
INSERT INTO despesas (id, user_id, categoria_id, banco_id, cartao_id, descricao, valor_total, data, forma_pagamento, parcelado, numero_parcelas, recorrente, tipo_recorrencia, observacoes, comprovante, created_at, updated_at) VALUES ('690e569f7ac7a0a7dbf2bd13', '68e6f3a3fb65749e4bb3a4f1', '68e9a4ac9bd285794d2bd78b', '68e99ba59bd285794d2bd4f4', NULL, 'Susana cuidador', 160, '2025-11-06T00:00:00.000Z', 'debito', FALSE, NULL, FALSE, 'mensal', '', NULL, '2025-11-07T20:29:19.631Z', '2025-11-07T20:29:19.631Z') ON CONFLICT (id) DO NOTHING;
INSERT INTO despesas (id, user_id, categoria_id, banco_id, cartao_id, descricao, valor_total, data, forma_pagamento, parcelado, numero_parcelas, recorrente, tipo_recorrencia, observacoes, comprovante, created_at, updated_at) VALUES ('690e56b67ac7a0a7dbf2bd2b', '68e6f3a3fb65749e4bb3a4f1', '68e9a4ac9bd285794d2bd78b', '68e99ba59bd285794d2bd4f4', NULL, 'Susana cuidador', 160, '2025-10-29T00:00:00.000Z', 'debito', FALSE, NULL, FALSE, 'mensal', '', NULL, '2025-11-07T20:29:42.262Z', '2025-11-07T20:29:42.262Z') ON CONFLICT (id) DO NOTHING;
INSERT INTO despesas (id, user_id, categoria_id, banco_id, cartao_id, descricao, valor_total, data, forma_pagamento, parcelado, numero_parcelas, recorrente, tipo_recorrencia, observacoes, comprovante, created_at, updated_at) VALUES ('690e56d57ac7a0a7dbf2bd43', '68e6f3a3fb65749e4bb3a4f1', '68e9a4ac9bd285794d2bd78b', '68e99ba59bd285794d2bd4f4', NULL, 'Susana cuidador', 320, '2025-11-01T00:00:00.000Z', 'debito', FALSE, NULL, FALSE, 'mensal', '', NULL, '2025-11-07T20:30:13.946Z', '2025-11-07T20:30:13.946Z') ON CONFLICT (id) DO NOTHING;
INSERT INTO despesas (id, user_id, categoria_id, banco_id, cartao_id, descricao, valor_total, data, forma_pagamento, parcelado, numero_parcelas, recorrente, tipo_recorrencia, observacoes, comprovante, created_at, updated_at) VALUES ('690e572f7ac7a0a7dbf2bd6d', '68e6f3a3fb65749e4bb3a4f1', '68e9a4d59bd285794d2bd792', '68e99ba59bd285794d2bd4f4', NULL, 'Farmácia', 86.24, '2025-11-07T00:00:00.000Z', 'debito', FALSE, NULL, FALSE, 'mensal', '', NULL, '2025-11-07T20:31:43.448Z', '2025-11-07T20:31:43.448Z') ON CONFLICT (id) DO NOTHING;
INSERT INTO despesas (id, user_id, categoria_id, banco_id, cartao_id, descricao, valor_total, data, forma_pagamento, parcelado, numero_parcelas, recorrente, tipo_recorrencia, observacoes, comprovante, created_at, updated_at) VALUES ('690e57557ac7a0a7dbf2bd85', '68e6f3a3fb65749e4bb3a4f1', '68e6f3a3fb65749e4bb3a4fb', '68e99ba59bd285794d2bd4f4', NULL, 'Dina', 287.32, '2025-11-05T00:00:00.000Z', 'debito', FALSE, NULL, FALSE, 'mensal', '', NULL, '2025-11-07T20:32:21.804Z', '2025-11-07T20:32:21.804Z') ON CONFLICT (id) DO NOTHING;
INSERT INTO despesas (id, user_id, categoria_id, banco_id, cartao_id, descricao, valor_total, data, forma_pagamento, parcelado, numero_parcelas, recorrente, tipo_recorrencia, observacoes, comprovante, created_at, updated_at) VALUES ('690e57667ac7a0a7dbf2bd9d', '68e6f3a3fb65749e4bb3a4f1', '68e6f3a3fb65749e4bb3a4fb', '68e99ba59bd285794d2bd4f4', NULL, 'Regina faxina', 220, '2025-11-05T00:00:00.000Z', 'debito', FALSE, NULL, FALSE, 'mensal', '', NULL, '2025-11-07T20:32:38.617Z', '2025-11-07T20:32:38.617Z') ON CONFLICT (id) DO NOTHING;
INSERT INTO despesas (id, user_id, categoria_id, banco_id, cartao_id, descricao, valor_total, data, forma_pagamento, parcelado, numero_parcelas, recorrente, tipo_recorrencia, observacoes, comprovante, created_at, updated_at) VALUES ('690e57d47ac7a0a7dbf2bdd9', '68e6f3a3fb65749e4bb3a4f1', '68e9a1c99bd285794d2bd6a4', '68e99ba59bd285794d2bd4f4', NULL, 'Cássia meninos', 1960, '2025-10-23T00:00:00.000Z', 'debito', FALSE, NULL, FALSE, 'mensal', '', NULL, '2025-11-07T20:34:28.141Z', '2025-11-07T20:34:28.141Z') ON CONFLICT (id) DO NOTHING;
INSERT INTO despesas (id, user_id, categoria_id, banco_id, cartao_id, descricao, valor_total, data, forma_pagamento, parcelado, numero_parcelas, recorrente, tipo_recorrencia, observacoes, comprovante, created_at, updated_at) VALUES ('690e57ec7ac7a0a7dbf2bdf1', '68e6f3a3fb65749e4bb3a4f1', '68e9a1c99bd285794d2bd6a4', '68e99ba59bd285794d2bd4f4', NULL, 'Dina', 423, '2025-10-24T00:00:00.000Z', 'debito', FALSE, NULL, FALSE, 'mensal', '', NULL, '2025-11-07T20:34:52.457Z', '2025-11-07T20:34:52.457Z') ON CONFLICT (id) DO NOTHING;
INSERT INTO despesas (id, user_id, categoria_id, banco_id, cartao_id, descricao, valor_total, data, forma_pagamento, parcelado, numero_parcelas, recorrente, tipo_recorrencia, observacoes, comprovante, created_at, updated_at) VALUES ('690e582d7ac7a0a7dbf2be15', '68e6f3a3fb65749e4bb3a4f1', '68e9a4d59bd285794d2bd792', '68e99ba59bd285794d2bd4f4', NULL, 'Saque mãe despesas', 2000, '2025-10-21T00:00:00.000Z', 'debito', FALSE, NULL, FALSE, 'mensal', '', NULL, '2025-11-07T20:35:57.145Z', '2025-11-07T20:35:57.145Z') ON CONFLICT (id) DO NOTHING;
INSERT INTO despesas (id, user_id, categoria_id, banco_id, cartao_id, descricao, valor_total, data, forma_pagamento, parcelado, numero_parcelas, recorrente, tipo_recorrencia, observacoes, comprovante, created_at, updated_at) VALUES ('690e58477ac7a0a7dbf2be2d', '68e6f3a3fb65749e4bb3a4f1', '68e6f3a3fb65749e4bb3a4fe', '68e99ba59bd285794d2bd4f4', NULL, 'Multa cotonete', 2000, '2025-11-07T00:00:00.000Z', 'debito', FALSE, NULL, FALSE, 'mensal', '', NULL, '2025-11-07T20:36:23.008Z', '2025-11-07T20:36:23.008Z') ON CONFLICT (id) DO NOTHING;
INSERT INTO despesas (id, user_id, categoria_id, banco_id, cartao_id, descricao, valor_total, data, forma_pagamento, parcelado, numero_parcelas, recorrente, tipo_recorrencia, observacoes, comprovante, created_at, updated_at) VALUES ('690e59507ac7a0a7dbf2bea8', '68e6f3a3fb65749e4bb3a4f1', '68ef8402b0560b7bb73c2916', '68e99ba59bd285794d2bd4f4', NULL, 'Dolar Viagem', 4000, '2025-10-17T00:00:00.000Z', 'debito', FALSE, NULL, FALSE, 'mensal', '', NULL, '2025-11-07T20:40:48.314Z', '2025-11-07T20:40:48.314Z') ON CONFLICT (id) DO NOTHING;
INSERT INTO despesas (id, user_id, categoria_id, banco_id, cartao_id, descricao, valor_total, data, forma_pagamento, parcelado, numero_parcelas, recorrente, tipo_recorrencia, observacoes, comprovante, created_at, updated_at) VALUES ('690fad497ac7a0a7dbf2bfae', '68e6f3a3fb65749e4bb3a4f1', '68e9a4ac9bd285794d2bd78b', '68e99ba59bd285794d2bd4f4', NULL, 'Cuidador Eva', 160, '2025-11-07T00:00:00.000Z', 'debito', FALSE, NULL, FALSE, 'mensal', '', NULL, '2025-11-08T20:51:21.281Z', '2025-11-08T20:51:21.281Z') ON CONFLICT (id) DO NOTHING;
INSERT INTO despesas (id, user_id, categoria_id, banco_id, cartao_id, descricao, valor_total, data, forma_pagamento, parcelado, numero_parcelas, recorrente, tipo_recorrencia, observacoes, comprovante, created_at, updated_at) VALUES ('690faeb27ac7a0a7dbf2c026', '68e6f3a3fb65749e4bb3a4f1', '68e9a4d59bd285794d2bd792', '68e99ba59bd285794d2bd4f4', NULL, 'Mercado mãe - carne', 200, '2025-10-17T00:00:00.000Z', 'debito', FALSE, NULL, FALSE, 'mensal', '', NULL, '2025-11-08T20:57:22.530Z', '2025-11-08T20:57:22.530Z') ON CONFLICT (id) DO NOTHING;
INSERT INTO despesas (id, user_id, categoria_id, banco_id, cartao_id, descricao, valor_total, data, forma_pagamento, parcelado, numero_parcelas, recorrente, tipo_recorrencia, observacoes, comprovante, created_at, updated_at) VALUES ('690faed17ac7a0a7dbf2c03e', '68e6f3a3fb65749e4bb3a4f1', '68e9a4d59bd285794d2bd792', '68e99ba59bd285794d2bd4f4', NULL, 'Telhado casa pais', 90, '2025-11-08T00:00:00.000Z', 'debito', FALSE, NULL, FALSE, 'mensal', '', NULL, '2025-11-08T20:57:53.756Z', '2025-11-08T20:57:53.756Z') ON CONFLICT (id) DO NOTHING;
INSERT INTO despesas (id, user_id, categoria_id, banco_id, cartao_id, descricao, valor_total, data, forma_pagamento, parcelado, numero_parcelas, recorrente, tipo_recorrencia, observacoes, comprovante, created_at, updated_at) VALUES ('690fb08c7ac7a0a7dbf2c05c', '68e6f3a3fb65749e4bb3a4f1', '68e9a4ac9bd285794d2bd78b', '68e99ba59bd285794d2bd4f4', NULL, 'Cuidador Susana', 160, '2025-11-08T00:00:00.000Z', 'debito', FALSE, NULL, FALSE, 'mensal', '', NULL, '2025-11-08T21:05:16.348Z', '2025-11-08T21:05:16.348Z') ON CONFLICT (id) DO NOTHING;
INSERT INTO despesas (id, user_id, categoria_id, banco_id, cartao_id, descricao, valor_total, data, forma_pagamento, parcelado, numero_parcelas, recorrente, tipo_recorrencia, observacoes, comprovante, created_at, updated_at) VALUES ('690fb1097ac7a0a7dbf2c095', '68e6f3a3fb65749e4bb3a4f1', '68ef8402b0560b7bb73c2916', '68e99ba59bd285794d2bd4f4', NULL, 'Dolar Viagem', 5000, '2025-10-21T00:00:00.000Z', 'debito', FALSE, NULL, FALSE, 'mensal', '', NULL, '2025-11-08T21:07:21.986Z', '2025-11-08T21:07:21.986Z') ON CONFLICT (id) DO NOTHING;
INSERT INTO despesas (id, user_id, categoria_id, banco_id, cartao_id, descricao, valor_total, data, forma_pagamento, parcelado, numero_parcelas, recorrente, tipo_recorrencia, observacoes, comprovante, created_at, updated_at) VALUES ('6910af787ac7a0a7dbf2c120', '68e6f3a3fb65749e4bb3a4f1', '68e9a4d59bd285794d2bd792', '68e99ba59bd285794d2bd4f4', NULL, 'Mercado', 338.25, '2025-11-09T00:00:00.000Z', 'debito', FALSE, NULL, FALSE, 'mensal', '', NULL, '2025-11-09T15:12:56.296Z', '2025-11-09T15:12:56.296Z') ON CONFLICT (id) DO NOTHING;
INSERT INTO despesas (id, user_id, categoria_id, banco_id, cartao_id, descricao, valor_total, data, forma_pagamento, parcelado, numero_parcelas, recorrente, tipo_recorrencia, observacoes, comprovante, created_at, updated_at) VALUES ('6911de4c7ac7a0a7dbf2c16c', '68e6f3a3fb65749e4bb3a4f1', '68e9a4ac9bd285794d2bd78b', '68e99ba59bd285794d2bd4f4', NULL, 'Eva cuidador', 160, '2025-11-10T00:00:00.000Z', 'debito', FALSE, NULL, FALSE, 'mensal', '', NULL, '2025-11-10T12:45:00.660Z', '2025-11-10T12:45:00.660Z') ON CONFLICT (id) DO NOTHING;
INSERT INTO despesas (id, user_id, categoria_id, banco_id, cartao_id, descricao, valor_total, data, forma_pagamento, parcelado, numero_parcelas, recorrente, tipo_recorrencia, observacoes, comprovante, created_at, updated_at) VALUES ('6911de747ac7a0a7dbf2c184', '68e6f3a3fb65749e4bb3a4f1', '68e9a1c99bd285794d2bd6a4', '68e99ba59bd285794d2bd4f4', NULL, 'Pet''s banho e despesas', 711.8, '2025-11-10T00:00:00.000Z', 'debito', FALSE, NULL, FALSE, 'mensal', '', NULL, '2025-11-10T12:45:40.879Z', '2025-11-10T12:45:40.879Z') ON CONFLICT (id) DO NOTHING;
INSERT INTO despesas (id, user_id, categoria_id, banco_id, cartao_id, descricao, valor_total, data, forma_pagamento, parcelado, numero_parcelas, recorrente, tipo_recorrencia, observacoes, comprovante, created_at, updated_at) VALUES ('69131b1e7ac7a0a7dbf2c1d6', '68e6f3a3fb65749e4bb3a4f1', '68e9a4ac9bd285794d2bd78b', '68e99ba59bd285794d2bd4f4', NULL, 'Eva cuidador', 310, '2025-11-11T00:00:00.000Z', 'debito', FALSE, NULL, FALSE, 'mensal', '', NULL, '2025-11-11T11:16:46.234Z', '2025-11-11T19:27:43.868Z') ON CONFLICT (id) DO NOTHING;
INSERT INTO despesas (id, user_id, categoria_id, banco_id, cartao_id, descricao, valor_total, data, forma_pagamento, parcelado, numero_parcelas, recorrente, tipo_recorrencia, observacoes, comprovante, created_at, updated_at) VALUES ('69138e7c7ac7a0a7dbf2c268', '68e6f3a3fb65749e4bb3a4f1', '68e9a4d59bd285794d2bd792', '68e99ba59bd285794d2bd4f4', NULL, 'Seguro casa pai', 99.88, '2025-11-11T00:00:00.000Z', 'debito', FALSE, NULL, FALSE, 'mensal', '', NULL, '2025-11-11T19:29:00.611Z', '2025-11-11T19:29:00.611Z') ON CONFLICT (id) DO NOTHING;
INSERT INTO despesas (id, user_id, categoria_id, banco_id, cartao_id, descricao, valor_total, data, forma_pagamento, parcelado, numero_parcelas, recorrente, tipo_recorrencia, observacoes, comprovante, created_at, updated_at) VALUES ('69148eac7ac7a0a7dbf2c2c9', '68e6f3a3fb65749e4bb3a4f1', '68e6f3a3fb65749e4bb3a4fc', '68e99ba59bd285794d2bd4f4', NULL, 'Amanda médica', 600, '2025-11-12T00:00:00.000Z', 'debito', FALSE, NULL, FALSE, 'mensal', '', NULL, '2025-11-12T13:42:04.220Z', '2025-11-12T13:42:16.120Z') ON CONFLICT (id) DO NOTHING;
INSERT INTO despesas (id, user_id, categoria_id, banco_id, cartao_id, descricao, valor_total, data, forma_pagamento, parcelado, numero_parcelas, recorrente, tipo_recorrencia, observacoes, comprovante, created_at, updated_at) VALUES ('6915b67d7ac7a0a7dbf2c325', '68e6f3a3fb65749e4bb3a4f1', '68e9a4ac9bd285794d2bd78b', '68e99ba59bd285794d2bd4f4', NULL, 'Susana cuidador', 160, '2025-11-12T00:00:00.000Z', 'debito', FALSE, NULL, FALSE, 'mensal', '', NULL, '2025-11-13T10:44:13.045Z', '2025-11-13T10:44:13.045Z') ON CONFLICT (id) DO NOTHING;
INSERT INTO despesas (id, user_id, categoria_id, banco_id, cartao_id, descricao, valor_total, data, forma_pagamento, parcelado, numero_parcelas, recorrente, tipo_recorrencia, observacoes, comprovante, created_at, updated_at) VALUES ('6915b69a7ac7a0a7dbf2c33d', '68e6f3a3fb65749e4bb3a4f1', '68e9a4d59bd285794d2bd792', '68e99ba59bd285794d2bd4f4', NULL, 'Unimed mãe', 314.27, '2025-11-13T00:00:00.000Z', 'debito', FALSE, NULL, FALSE, 'mensal', '', NULL, '2025-11-13T10:44:42.824Z', '2025-11-13T10:44:42.824Z') ON CONFLICT (id) DO NOTHING;
INSERT INTO despesas (id, user_id, categoria_id, banco_id, cartao_id, descricao, valor_total, data, forma_pagamento, parcelado, numero_parcelas, recorrente, tipo_recorrencia, observacoes, comprovante, created_at, updated_at) VALUES ('69171ddc7ac7a0a7dbf2c383', '68e6f3a3fb65749e4bb3a4f1', '68e9a4ac9bd285794d2bd78b', '68e99ba59bd285794d2bd4f4', NULL, 'Susana cuidador', 160, '2025-11-13T00:00:00.000Z', 'debito', FALSE, NULL, FALSE, 'mensal', '', NULL, '2025-11-14T12:17:32.789Z', '2025-11-14T12:17:32.789Z') ON CONFLICT (id) DO NOTHING;
INSERT INTO despesas (id, user_id, categoria_id, banco_id, cartao_id, descricao, valor_total, data, forma_pagamento, parcelado, numero_parcelas, recorrente, tipo_recorrencia, observacoes, comprovante, created_at, updated_at) VALUES ('69171deb7ac7a0a7dbf2c39b', '68e6f3a3fb65749e4bb3a4f1', '68e9a4ac9bd285794d2bd78b', '68e99ba59bd285794d2bd4f4', NULL, 'Eva cuidador', 310, '2025-11-13T00:00:00.000Z', 'debito', FALSE, NULL, FALSE, 'mensal', '', NULL, '2025-11-14T12:17:47.367Z', '2025-11-14T12:17:47.367Z') ON CONFLICT (id) DO NOTHING;
INSERT INTO despesas (id, user_id, categoria_id, banco_id, cartao_id, descricao, valor_total, data, forma_pagamento, parcelado, numero_parcelas, recorrente, tipo_recorrencia, observacoes, comprovante, created_at, updated_at) VALUES ('69171e0c7ac7a0a7dbf2c3b3', '68e6f3a3fb65749e4bb3a4f1', '68e9a4d59bd285794d2bd792', '68e99ba59bd285794d2bd4f4', NULL, 'Bruna fisio', 360, '2025-11-12T00:00:00.000Z', 'debito', FALSE, NULL, FALSE, 'mensal', '', NULL, '2025-11-14T12:18:20.510Z', '2025-11-14T12:18:20.510Z') ON CONFLICT (id) DO NOTHING;
INSERT INTO despesas (id, user_id, categoria_id, banco_id, cartao_id, descricao, valor_total, data, forma_pagamento, parcelado, numero_parcelas, recorrente, tipo_recorrencia, observacoes, comprovante, created_at, updated_at) VALUES ('69171e247ac7a0a7dbf2c3cb', '68e6f3a3fb65749e4bb3a4f1', '68e6f3a3fb65749e4bb3a4fb', '68e99ba59bd285794d2bd4f4', NULL, 'Vigia', 60, '2025-11-11T00:00:00.000Z', 'debito', FALSE, NULL, FALSE, 'mensal', '', NULL, '2025-11-14T12:18:44.068Z', '2025-11-14T12:18:44.068Z') ON CONFLICT (id) DO NOTHING;
INSERT INTO despesas (id, user_id, categoria_id, banco_id, cartao_id, descricao, valor_total, data, forma_pagamento, parcelado, numero_parcelas, recorrente, tipo_recorrencia, observacoes, comprovante, created_at, updated_at) VALUES ('69171e467ac7a0a7dbf2c3e9', '68e6f3a3fb65749e4bb3a4f1', '68ea783b9bd285794d2bdb30', '68e99ba59bd285794d2bd4f4', NULL, 'Manicure', 225, '2025-11-08T00:00:00.000Z', 'debito', FALSE, NULL, FALSE, 'mensal', '', NULL, '2025-11-14T12:19:18.292Z', '2025-11-14T12:19:18.292Z') ON CONFLICT (id) DO NOTHING;
INSERT INTO despesas (id, user_id, categoria_id, banco_id, cartao_id, descricao, valor_total, data, forma_pagamento, parcelado, numero_parcelas, recorrente, tipo_recorrencia, observacoes, comprovante, created_at, updated_at) VALUES ('691720357ac7a0a7dbf2c447', '68e6f3a3fb65749e4bb3a4f1', '68e6f3a3fb65749e4bb3a4fb', '68e99ba59bd285794d2bd4f4', NULL, 'IPTU', 190.12, '2025-11-10T00:00:00.000Z', 'debito', FALSE, NULL, FALSE, 'mensal', '', NULL, '2025-11-14T12:27:33.300Z', '2025-11-14T12:27:33.300Z') ON CONFLICT (id) DO NOTHING;
INSERT INTO despesas (id, user_id, categoria_id, banco_id, cartao_id, descricao, valor_total, data, forma_pagamento, parcelado, numero_parcelas, recorrente, tipo_recorrencia, observacoes, comprovante, created_at, updated_at) VALUES ('6917205d7ac7a0a7dbf2c45f', '68e6f3a3fb65749e4bb3a4f1', '68e6f3a3fb65749e4bb3a4fb', '68e99b759bd285794d2bd4ed', NULL, 'Energia', 225.73, '2025-11-07T00:00:00.000Z', 'debito', FALSE, NULL, FALSE, 'mensal', '', NULL, '2025-11-14T12:28:13.592Z', '2025-11-14T12:28:13.592Z') ON CONFLICT (id) DO NOTHING;
INSERT INTO despesas (id, user_id, categoria_id, banco_id, cartao_id, descricao, valor_total, data, forma_pagamento, parcelado, numero_parcelas, recorrente, tipo_recorrencia, observacoes, comprovante, created_at, updated_at) VALUES ('691720d47ac7a0a7dbf2c483', '68e6f3a3fb65749e4bb3a4f1', '68e6f3a3fb65749e4bb3a4fb', '68e99b759bd285794d2bd4ed', NULL, 'Água', 222.5, '2025-11-10T00:00:00.000Z', 'debito', FALSE, NULL, FALSE, 'mensal', '', NULL, '2025-11-14T12:30:12.032Z', '2025-11-14T12:30:12.032Z') ON CONFLICT (id) DO NOTHING;
INSERT INTO despesas (id, user_id, categoria_id, banco_id, cartao_id, descricao, valor_total, data, forma_pagamento, parcelado, numero_parcelas, recorrente, tipo_recorrencia, observacoes, comprovante, created_at, updated_at) VALUES ('691721677ac7a0a7dbf2c49b', '68e6f3a3fb65749e4bb3a4f1', '68eae18e9bd285794d2bdd31', '68eae1469bd285794d2bdd14', NULL, 'Financiamento Casa', 2350, '2025-11-17T00:00:00.000Z', 'debito', FALSE, NULL, FALSE, 'mensal', '', NULL, '2025-11-14T12:32:39.554Z', '2025-11-17T16:30:59.394Z') ON CONFLICT (id) DO NOTHING;
INSERT INTO despesas (id, user_id, categoria_id, banco_id, cartao_id, descricao, valor_total, data, forma_pagamento, parcelado, numero_parcelas, recorrente, tipo_recorrencia, observacoes, comprovante, created_at, updated_at) VALUES ('691722ea7ac7a0a7dbf2c509', '68e6f3a3fb65749e4bb3a4f1', '68ea783b9bd285794d2bdb30', '68e99b759bd285794d2bd4ed', NULL, 'Cartão Santander Elite', 5078.65, '2025-11-15T00:00:00.000Z', 'debito', FALSE, NULL, FALSE, 'mensal', '', NULL, '2025-11-14T12:39:06.988Z', '2025-11-14T12:39:06.988Z') ON CONFLICT (id) DO NOTHING;
INSERT INTO despesas (id, user_id, categoria_id, banco_id, cartao_id, descricao, valor_total, data, forma_pagamento, parcelado, numero_parcelas, recorrente, tipo_recorrencia, observacoes, comprovante, created_at, updated_at) VALUES ('6917230d7ac7a0a7dbf2c521', '68e6f3a3fb65749e4bb3a4f1', '68ea783b9bd285794d2bdb30', '68e99b759bd285794d2bd4ed', NULL, 'Cartão Santander Aadvantage', 3034.19, '2025-11-15T00:00:00.000Z', 'debito', FALSE, NULL, FALSE, 'mensal', '', NULL, '2025-11-14T12:39:41.495Z', '2025-11-14T12:39:41.495Z') ON CONFLICT (id) DO NOTHING;
INSERT INTO despesas (id, user_id, categoria_id, banco_id, cartao_id, descricao, valor_total, data, forma_pagamento, parcelado, numero_parcelas, recorrente, tipo_recorrencia, observacoes, comprovante, created_at, updated_at) VALUES ('691723527ac7a0a7dbf2c539', '68e6f3a3fb65749e4bb3a4f1', '68ea783b9bd285794d2bdb30', '68e99b759bd285794d2bd4ed', NULL, 'Cartão Itaú', 1756.3, '2025-11-10T00:00:00.000Z', 'debito', FALSE, NULL, FALSE, 'mensal', '', NULL, '2025-11-14T12:40:50.250Z', '2025-11-14T12:40:50.250Z') ON CONFLICT (id) DO NOTHING;
INSERT INTO despesas (id, user_id, categoria_id, banco_id, cartao_id, descricao, valor_total, data, forma_pagamento, parcelado, numero_parcelas, recorrente, tipo_recorrencia, observacoes, comprovante, created_at, updated_at) VALUES ('691723727ac7a0a7dbf2c551', '68e6f3a3fb65749e4bb3a4f1', '68ea783b9bd285794d2bdb30', '68e99b759bd285794d2bd4ed', NULL, 'Cartão Porto', 1704.09, '2025-11-13T00:00:00.000Z', 'debito', FALSE, NULL, FALSE, 'mensal', '', NULL, '2025-11-14T12:41:22.248Z', '2025-11-14T12:41:22.248Z') ON CONFLICT (id) DO NOTHING;
INSERT INTO despesas (id, user_id, categoria_id, banco_id, cartao_id, descricao, valor_total, data, forma_pagamento, parcelado, numero_parcelas, recorrente, tipo_recorrencia, observacoes, comprovante, created_at, updated_at) VALUES ('691b375f7ac7a0a7dbf2c612', '68e6f3a3fb65749e4bb3a4f1', '68e9a4ac9bd285794d2bd78b', '68e99ba59bd285794d2bd4f4', NULL, 'Susana cuidador', 160, '2025-11-16T00:00:00.000Z', 'debito', FALSE, NULL, FALSE, 'mensal', '', NULL, '2025-11-17T14:55:27.796Z', '2025-11-17T14:55:27.796Z') ON CONFLICT (id) DO NOTHING;
INSERT INTO despesas (id, user_id, categoria_id, banco_id, cartao_id, descricao, valor_total, data, forma_pagamento, parcelado, numero_parcelas, recorrente, tipo_recorrencia, observacoes, comprovante, created_at, updated_at) VALUES ('691b377f7ac7a0a7dbf2c62a', '68e6f3a3fb65749e4bb3a4f1', '68e9a4ac9bd285794d2bd78b', '68e99ba59bd285794d2bd4f4', NULL, 'Eva cuidador', 310, '2025-11-15T00:00:00.000Z', 'debito', FALSE, NULL, FALSE, 'mensal', '', NULL, '2025-11-17T14:55:59.232Z', '2025-11-17T14:55:59.232Z') ON CONFLICT (id) DO NOTHING;
INSERT INTO despesas (id, user_id, categoria_id, banco_id, cartao_id, descricao, valor_total, data, forma_pagamento, parcelado, numero_parcelas, recorrente, tipo_recorrencia, observacoes, comprovante, created_at, updated_at) VALUES ('691b37977ac7a0a7dbf2c642', '68e6f3a3fb65749e4bb3a4f1', '68e9a4d59bd285794d2bd792', '68e99ba59bd285794d2bd4f4', NULL, 'Remédio pai', 172.34, '2025-11-15T00:00:00.000Z', 'debito', FALSE, NULL, FALSE, 'mensal', '', NULL, '2025-11-17T14:56:23.010Z', '2025-11-17T14:56:23.010Z') ON CONFLICT (id) DO NOTHING;
INSERT INTO despesas (id, user_id, categoria_id, banco_id, cartao_id, descricao, valor_total, data, forma_pagamento, parcelado, numero_parcelas, recorrente, tipo_recorrencia, observacoes, comprovante, created_at, updated_at) VALUES ('691b37a57ac7a0a7dbf2c65a', '68e6f3a3fb65749e4bb3a4f1', '68e9a4d59bd285794d2bd792', '68e99ba59bd285794d2bd4f4', NULL, 'Saque pai', 1000, '2025-11-15T00:00:00.000Z', 'debito', FALSE, NULL, FALSE, 'mensal', '', NULL, '2025-11-17T14:56:37.802Z', '2025-11-17T14:56:37.802Z') ON CONFLICT (id) DO NOTHING;
INSERT INTO despesas (id, user_id, categoria_id, banco_id, cartao_id, descricao, valor_total, data, forma_pagamento, parcelado, numero_parcelas, recorrente, tipo_recorrencia, observacoes, comprovante, created_at, updated_at) VALUES ('691b37ba7ac7a0a7dbf2c672', '68e6f3a3fb65749e4bb3a4f1', '68ea783b9bd285794d2bdb30', '68e99ba59bd285794d2bd4f4', NULL, 'Tigra', 140, '2025-11-15T00:00:00.000Z', 'debito', FALSE, NULL, FALSE, 'mensal', '', NULL, '2025-11-17T14:56:58.113Z', '2025-11-17T14:56:58.113Z') ON CONFLICT (id) DO NOTHING;
INSERT INTO despesas (id, user_id, categoria_id, banco_id, cartao_id, descricao, valor_total, data, forma_pagamento, parcelado, numero_parcelas, recorrente, tipo_recorrencia, observacoes, comprovante, created_at, updated_at) VALUES ('691b380f7ac7a0a7dbf2c6cf', '68e6f3a3fb65749e4bb3a4f1', '68ea783b9bd285794d2bdb30', '68e99ba59bd285794d2bd4f4', NULL, 'Peritos CARTA', 268.77, '2025-11-17T00:00:00.000Z', 'debito', FALSE, NULL, FALSE, 'mensal', '', NULL, '2025-11-17T14:58:23.349Z', '2025-11-17T14:58:23.349Z') ON CONFLICT (id) DO NOTHING;
INSERT INTO despesas (id, user_id, categoria_id, banco_id, cartao_id, descricao, valor_total, data, forma_pagamento, parcelado, numero_parcelas, recorrente, tipo_recorrencia, observacoes, comprovante, created_at, updated_at) VALUES ('691b38587ac7a0a7dbf2c6e7', '68e6f3a3fb65749e4bb3a4f1', '68ea783b9bd285794d2bdb30', '68e99ba59bd285794d2bd4f4', NULL, 'Pelicula celular', 110, '2025-11-15T00:00:00.000Z', 'debito', FALSE, NULL, FALSE, 'mensal', '', NULL, '2025-11-17T14:59:36.140Z', '2025-11-17T14:59:36.140Z') ON CONFLICT (id) DO NOTHING;
INSERT INTO despesas (id, user_id, categoria_id, banco_id, cartao_id, descricao, valor_total, data, forma_pagamento, parcelado, numero_parcelas, recorrente, tipo_recorrencia, observacoes, comprovante, created_at, updated_at) VALUES ('691b387e7ac7a0a7dbf2c6ff', '68e6f3a3fb65749e4bb3a4f1', '68e9a4d59bd285794d2bd792', '68e99ba59bd285794d2bd4f4', NULL, 'Mercado pais', 487.61, '2025-11-15T00:00:00.000Z', 'debito', FALSE, NULL, FALSE, 'mensal', '', NULL, '2025-11-17T15:00:14.488Z', '2025-11-17T15:00:14.488Z') ON CONFLICT (id) DO NOTHING;
INSERT INTO despesas (id, user_id, categoria_id, banco_id, cartao_id, descricao, valor_total, data, forma_pagamento, parcelado, numero_parcelas, recorrente, tipo_recorrencia, observacoes, comprovante, created_at, updated_at) VALUES ('691b4dd47ac7a0a7dbf2c785', '68e6f3a3fb65749e4bb3a4f1', '68e9a4ac9bd285794d2bd78b', '68e99ba59bd285794d2bd4f4', NULL, 'Eva cuidador', 310, '2025-11-17T00:00:00.000Z', 'debito', FALSE, NULL, FALSE, 'mensal', '', NULL, '2025-11-17T16:31:16.055Z', '2025-11-17T16:31:16.055Z') ON CONFLICT (id) DO NOTHING;
INSERT INTO despesas (id, user_id, categoria_id, banco_id, cartao_id, descricao, valor_total, data, forma_pagamento, parcelado, numero_parcelas, recorrente, tipo_recorrencia, observacoes, comprovante, created_at, updated_at) VALUES ('691b4deb7ac7a0a7dbf2c79d', '68e6f3a3fb65749e4bb3a4f1', '68e6f3a3fb65749e4bb3a4fb', '68e99ba59bd285794d2bd4f4', NULL, 'Regina faxina', 220, '2025-11-17T00:00:00.000Z', 'debito', FALSE, NULL, FALSE, 'mensal', '', NULL, '2025-11-17T16:31:39.480Z', '2025-11-17T16:31:39.480Z') ON CONFLICT (id) DO NOTHING;
INSERT INTO despesas (id, user_id, categoria_id, banco_id, cartao_id, descricao, valor_total, data, forma_pagamento, parcelado, numero_parcelas, recorrente, tipo_recorrencia, observacoes, comprovante, created_at, updated_at) VALUES ('691c753b7ac7a0a7dbf2c7e3', '68e6f3a3fb65749e4bb3a4f1', '68e9a1c99bd285794d2bd6a4', '68e99ba59bd285794d2bd4f4', NULL, 'Pet''s despesas', 160, '2025-11-18T00:00:00.000Z', 'debito', FALSE, NULL, FALSE, 'mensal', '', NULL, '2025-11-18T13:31:39.968Z', '2025-11-18T13:31:39.968Z') ON CONFLICT (id) DO NOTHING;
INSERT INTO despesas (id, user_id, categoria_id, banco_id, cartao_id, descricao, valor_total, data, forma_pagamento, parcelado, numero_parcelas, recorrente, tipo_recorrencia, observacoes, comprovante, created_at, updated_at) VALUES ('691dc9b17ac7a0a7dbf2c829', '68e6f3a3fb65749e4bb3a4f1', '68e9a4ac9bd285794d2bd78b', '68e99ba59bd285794d2bd4f4', NULL, 'Susana cuidador', 160, '2025-11-18T00:00:00.000Z', 'debito', FALSE, NULL, FALSE, 'mensal', '', NULL, '2025-11-19T13:44:17.067Z', '2025-11-19T13:44:17.067Z') ON CONFLICT (id) DO NOTHING;
INSERT INTO despesas (id, user_id, categoria_id, banco_id, cartao_id, descricao, valor_total, data, forma_pagamento, parcelado, numero_parcelas, recorrente, tipo_recorrencia, observacoes, comprovante, created_at, updated_at) VALUES ('691dc9c27ac7a0a7dbf2c841', '68e6f3a3fb65749e4bb3a4f1', '68e9a4d59bd285794d2bd792', '68e99ba59bd285794d2bd4f4', NULL, 'Bruna fisio', 360, '2025-11-18T00:00:00.000Z', 'debito', FALSE, NULL, FALSE, 'mensal', '', NULL, '2025-11-19T13:44:34.536Z', '2025-11-19T13:44:34.536Z') ON CONFLICT (id) DO NOTHING;
INSERT INTO despesas (id, user_id, categoria_id, banco_id, cartao_id, descricao, valor_total, data, forma_pagamento, parcelado, numero_parcelas, recorrente, tipo_recorrencia, observacoes, comprovante, created_at, updated_at) VALUES ('691df08d7ac7a0a7dbf2c887', '68e6f3a3fb65749e4bb3a4f1', '68e9a4ac9bd285794d2bd78b', '68e99ba59bd285794d2bd4f4', NULL, 'Eva cuidador', 310, '2025-11-19T00:00:00.000Z', 'debito', FALSE, NULL, FALSE, 'mensal', '', NULL, '2025-11-19T16:30:05.333Z', '2025-11-19T16:30:05.333Z') ON CONFLICT (id) DO NOTHING;
INSERT INTO despesas (id, user_id, categoria_id, banco_id, cartao_id, descricao, valor_total, data, forma_pagamento, parcelado, numero_parcelas, recorrente, tipo_recorrencia, observacoes, comprovante, created_at, updated_at) VALUES ('691e25767ac7a0a7dbf2c8cd', '68e6f3a3fb65749e4bb3a4f1', '68e6f3a3fb65749e4bb3a4f9', '68e99ba59bd285794d2bd4f4', NULL, 'Marmitas', 621, '2025-11-19T00:00:00.000Z', 'debito', FALSE, NULL, FALSE, 'mensal', '', NULL, '2025-11-19T20:15:50.653Z', '2025-11-19T20:15:50.653Z') ON CONFLICT (id) DO NOTHING;
INSERT INTO despesas (id, user_id, categoria_id, banco_id, cartao_id, descricao, valor_total, data, forma_pagamento, parcelado, numero_parcelas, recorrente, tipo_recorrencia, observacoes, comprovante, created_at, updated_at) VALUES ('691e26737ac7a0a7dbf2c913', '68e6f3a3fb65749e4bb3a4f1', '68e6f3a3fb65749e4bb3a4fc', '68e99b759bd285794d2bd4ed', NULL, 'Unimed', 41.1, '2025-12-22T00:00:00.000Z', 'debito', FALSE, NULL, FALSE, 'mensal', '', NULL, '2025-11-19T20:20:03.301Z', '2025-11-19T20:20:03.301Z') ON CONFLICT (id) DO NOTHING;
INSERT INTO despesas (id, user_id, categoria_id, banco_id, cartao_id, descricao, valor_total, data, forma_pagamento, parcelado, numero_parcelas, recorrente, tipo_recorrencia, observacoes, comprovante, created_at, updated_at) VALUES ('692368157ac7a0a7dbf2c965', '68e6f3a3fb65749e4bb3a4f1', '68e9a4d59bd285794d2bd792', NULL, '68e99eb19bd285794d2bd52e', 'Mercado pais', 448.78, '2025-11-23T00:00:00.000Z', 'credito', FALSE, NULL, FALSE, 'mensal', '', NULL, '2025-11-23T20:01:25.649Z', '2025-11-23T20:01:25.649Z') ON CONFLICT (id) DO NOTHING;
INSERT INTO despesas (id, user_id, categoria_id, banco_id, cartao_id, descricao, valor_total, data, forma_pagamento, parcelado, numero_parcelas, recorrente, tipo_recorrencia, observacoes, comprovante, created_at, updated_at) VALUES ('6923684e7ac7a0a7dbf2c97e', '68e6f3a3fb65749e4bb3a4f1', '68e9a4d59bd285794d2bd792', '68e99ba59bd285794d2bd4f4', NULL, 'Remédio Pai', 40.69, '2025-11-22T00:00:00.000Z', 'debito', FALSE, NULL, FALSE, 'mensal', '', NULL, '2025-11-23T20:02:22.238Z', '2025-11-23T20:02:22.238Z') ON CONFLICT (id) DO NOTHING;
INSERT INTO despesas (id, user_id, categoria_id, banco_id, cartao_id, descricao, valor_total, data, forma_pagamento, parcelado, numero_parcelas, recorrente, tipo_recorrencia, observacoes, comprovante, created_at, updated_at) VALUES ('692368827ac7a0a7dbf2c997', '68e6f3a3fb65749e4bb3a4f1', '68e9a4ac9bd285794d2bd78b', '68e99ba59bd285794d2bd4f4', NULL, 'Cuidador Susana', 160, '2025-11-22T00:00:00.000Z', 'debito', FALSE, NULL, FALSE, 'mensal', '', NULL, '2025-11-23T20:03:14.050Z', '2025-11-23T20:03:14.050Z') ON CONFLICT (id) DO NOTHING;
INSERT INTO despesas (id, user_id, categoria_id, banco_id, cartao_id, descricao, valor_total, data, forma_pagamento, parcelado, numero_parcelas, recorrente, tipo_recorrencia, observacoes, comprovante, created_at, updated_at) VALUES ('692369927ac7a0a7dbf2ca0b', '68e6f3a3fb65749e4bb3a4f1', '68e6f3a3fb65749e4bb3a4fc', '68e99ba59bd285794d2bd4f4', NULL, 'Fono', 300, '2025-11-22T00:00:00.000Z', 'debito', FALSE, NULL, FALSE, 'mensal', '', NULL, '2025-11-23T20:07:46.338Z', '2025-11-23T20:07:46.338Z') ON CONFLICT (id) DO NOTHING;
INSERT INTO despesas (id, user_id, categoria_id, banco_id, cartao_id, descricao, valor_total, data, forma_pagamento, parcelado, numero_parcelas, recorrente, tipo_recorrencia, observacoes, comprovante, created_at, updated_at) VALUES ('692369c17ac7a0a7dbf2ca24', '68e6f3a3fb65749e4bb3a4f1', '68ea783b9bd285794d2bdb30', '68e99ba59bd285794d2bd4f4', NULL, 'Produtos pele', 216.29, '2025-11-22T00:00:00.000Z', 'debito', FALSE, NULL, FALSE, 'mensal', '', NULL, '2025-11-23T20:08:33.924Z', '2025-11-23T20:08:33.924Z') ON CONFLICT (id) DO NOTHING;
INSERT INTO despesas (id, user_id, categoria_id, banco_id, cartao_id, descricao, valor_total, data, forma_pagamento, parcelado, numero_parcelas, recorrente, tipo_recorrencia, observacoes, comprovante, created_at, updated_at) VALUES ('692441337ac7a0a7dbf2ca9a', '68e6f3a3fb65749e4bb3a4f1', '68e9a4ac9bd285794d2bd78b', '68e99ba59bd285794d2bd4f4', NULL, 'Susana cuidador', 160, '2025-11-24T00:00:00.000Z', 'debito', FALSE, NULL, FALSE, 'mensal', '', NULL, '2025-11-24T11:27:47.734Z', '2025-11-24T11:27:47.734Z') ON CONFLICT (id) DO NOTHING;
INSERT INTO despesas (id, user_id, categoria_id, banco_id, cartao_id, descricao, valor_total, data, forma_pagamento, parcelado, numero_parcelas, recorrente, tipo_recorrencia, observacoes, comprovante, created_at, updated_at) VALUES ('692441477ac7a0a7dbf2cab3', '68e6f3a3fb65749e4bb3a4f1', '68e9a4ac9bd285794d2bd78b', '68e99ba59bd285794d2bd4f4', NULL, 'Eva cuidador', 310, '2025-11-24T00:00:00.000Z', 'debito', FALSE, NULL, FALSE, 'mensal', '', NULL, '2025-11-24T11:28:07.230Z', '2025-11-24T11:28:07.230Z') ON CONFLICT (id) DO NOTHING;
INSERT INTO despesas (id, user_id, categoria_id, banco_id, cartao_id, descricao, valor_total, data, forma_pagamento, parcelado, numero_parcelas, recorrente, tipo_recorrencia, observacoes, comprovante, created_at, updated_at) VALUES ('692442307ac7a0a7dbf2cb5e', '68e6f3a3fb65749e4bb3a4f1', '68e6f3a3fb65749e4bb3a4fc', '68e99b759bd285794d2bd4ed', NULL, 'Unimed', 1013.27, '2025-11-21T00:00:00.000Z', 'debito', FALSE, NULL, FALSE, 'mensal', '', NULL, '2025-11-24T11:32:00.959Z', '2025-11-24T11:32:00.959Z') ON CONFLICT (id) DO NOTHING;
INSERT INTO despesas (id, user_id, categoria_id, banco_id, cartao_id, descricao, valor_total, data, forma_pagamento, parcelado, numero_parcelas, recorrente, tipo_recorrencia, observacoes, comprovante, created_at, updated_at) VALUES ('692442447ac7a0a7dbf2cb77', '68e6f3a3fb65749e4bb3a4f1', '68e6f3a3fb65749e4bb3a4fc', '68e99b759bd285794d2bd4ed', NULL, 'Unimed co-participação', 668.67, '2025-11-21T00:00:00.000Z', 'debito', FALSE, NULL, FALSE, 'mensal', '', NULL, '2025-11-24T11:32:20.785Z', '2025-11-24T11:32:20.785Z') ON CONFLICT (id) DO NOTHING;
INSERT INTO despesas (id, user_id, categoria_id, banco_id, cartao_id, descricao, valor_total, data, forma_pagamento, parcelado, numero_parcelas, recorrente, tipo_recorrencia, observacoes, comprovante, created_at, updated_at) VALUES ('6925ad577ac7a0a7dbf2cbbf', '68e6f3a3fb65749e4bb3a4f1', '68e9a1c99bd285794d2bd6a4', '68e99ba59bd285794d2bd4f4', NULL, 'Pet''s', 307, '2025-11-25T00:00:00.000Z', 'debito', FALSE, NULL, FALSE, 'mensal', '', NULL, '2025-11-25T13:21:27.554Z', '2025-11-25T13:21:27.554Z') ON CONFLICT (id) DO NOTHING;
INSERT INTO despesas (id, user_id, categoria_id, banco_id, cartao_id, descricao, valor_total, data, forma_pagamento, parcelado, numero_parcelas, recorrente, tipo_recorrencia, observacoes, comprovante, created_at, updated_at) VALUES ('6926ec3a7ac7a0a7dbf2cc07', '68e6f3a3fb65749e4bb3a4f1', '68e9a4ac9bd285794d2bd78b', '68e99ba59bd285794d2bd4f4', NULL, 'Susana cuidador', 160, '2025-11-26T00:00:00.000Z', 'debito', FALSE, NULL, FALSE, 'mensal', '', NULL, '2025-11-26T12:02:02.521Z', '2025-11-26T12:02:02.521Z') ON CONFLICT (id) DO NOTHING;
INSERT INTO despesas (id, user_id, categoria_id, banco_id, cartao_id, descricao, valor_total, data, forma_pagamento, parcelado, numero_parcelas, recorrente, tipo_recorrencia, observacoes, comprovante, created_at, updated_at) VALUES ('69298e267ac7a0a7dbf2ccaa', '68e6f3a3fb65749e4bb3a4f1', '68e9a4d59bd285794d2bd792', '68e99ba59bd285794d2bd4f4', NULL, 'Bruna fisio', 360, '2025-11-28T00:00:00.000Z', 'debito', FALSE, NULL, FALSE, 'mensal', '', NULL, '2025-11-28T11:57:26.747Z', '2025-11-28T11:57:26.747Z') ON CONFLICT (id) DO NOTHING;
INSERT INTO despesas (id, user_id, categoria_id, banco_id, cartao_id, descricao, valor_total, data, forma_pagamento, parcelado, numero_parcelas, recorrente, tipo_recorrencia, observacoes, comprovante, created_at, updated_at) VALUES ('69298e387ac7a0a7dbf2ccc3', '68e6f3a3fb65749e4bb3a4f1', '68e9a4ac9bd285794d2bd78b', '68e99ba59bd285794d2bd4f4', NULL, 'Eva cuidador', 310, '2025-11-28T00:00:00.000Z', 'debito', FALSE, NULL, FALSE, 'mensal', '', NULL, '2025-11-28T11:57:44.582Z', '2025-11-28T11:57:44.582Z') ON CONFLICT (id) DO NOTHING;
INSERT INTO despesas (id, user_id, categoria_id, banco_id, cartao_id, descricao, valor_total, data, forma_pagamento, parcelado, numero_parcelas, recorrente, tipo_recorrencia, observacoes, comprovante, created_at, updated_at) VALUES ('69298e467ac7a0a7dbf2ccdc', '68e6f3a3fb65749e4bb3a4f1', '68e9a4ac9bd285794d2bd78b', '68e99ba59bd285794d2bd4f4', NULL, 'Susana cuidador', 160, '2025-11-28T00:00:00.000Z', 'debito', FALSE, NULL, FALSE, 'mensal', '', NULL, '2025-11-28T11:57:58.367Z', '2025-11-28T11:57:58.367Z') ON CONFLICT (id) DO NOTHING;
INSERT INTO despesas (id, user_id, categoria_id, banco_id, cartao_id, descricao, valor_total, data, forma_pagamento, parcelado, numero_parcelas, recorrente, tipo_recorrencia, observacoes, comprovante, created_at, updated_at) VALUES ('692cdc187ac7a0a7dbf2cdb0', '68e6f3a3fb65749e4bb3a4f1', '68e9a4ac9bd285794d2bd78b', '68e99ba59bd285794d2bd4f4', NULL, 'Cuidador Susana', 160, '2025-11-30T00:00:00.000Z', 'debito', FALSE, NULL, FALSE, 'mensal', '', NULL, '2025-12-01T00:06:48.905Z', '2025-12-01T00:06:48.905Z') ON CONFLICT (id) DO NOTHING;
INSERT INTO despesas (id, user_id, categoria_id, banco_id, cartao_id, descricao, valor_total, data, forma_pagamento, parcelado, numero_parcelas, recorrente, tipo_recorrencia, observacoes, comprovante, created_at, updated_at) VALUES ('692cdcc07ac7a0a7dbf2cdc8', '68e6f3a3fb65749e4bb3a4f1', '68e9a4d59bd285794d2bd792', '68e99ba59bd285794d2bd4f4', '68e99eb19bd285794d2bd52e', 'Mercado pais', 743.8, '2025-11-29T00:00:00.000Z', 'credito', FALSE, NULL, FALSE, 'mensal', '', NULL, '2025-12-01T00:09:36.400Z', '2025-12-01T00:11:20.536Z') ON CONFLICT (id) DO NOTHING;
INSERT INTO despesas (id, user_id, categoria_id, banco_id, cartao_id, descricao, valor_total, data, forma_pagamento, parcelado, numero_parcelas, recorrente, tipo_recorrencia, observacoes, comprovante, created_at, updated_at) VALUES ('692cdd1b7ac7a0a7dbf2cde0', '68e6f3a3fb65749e4bb3a4f1', '68e9a4d59bd285794d2bd792', NULL, '68e99eb19bd285794d2bd52e', 'Gabinete Maquina de Costura - mãe', 699, '2025-11-26T00:00:00.000Z', 'credito', FALSE, NULL, FALSE, 'mensal', '', NULL, '2025-12-01T00:11:07.790Z', '2025-12-01T00:11:07.790Z') ON CONFLICT (id) DO NOTHING;
INSERT INTO despesas (id, user_id, categoria_id, banco_id, cartao_id, descricao, valor_total, data, forma_pagamento, parcelado, numero_parcelas, recorrente, tipo_recorrencia, observacoes, comprovante, created_at, updated_at) VALUES ('693368b47ac7a0a7dbf2ce8c', '68e6f3a3fb65749e4bb3a4f1', '68e9a4ac9bd285794d2bd78b', '68e99ba59bd285794d2bd4f4', NULL, 'Cuidador Eva', 460, '2025-12-01T00:00:00.000Z', 'debito', FALSE, NULL, FALSE, 'mensal', '', NULL, '2025-12-05T23:20:20.816Z', '2025-12-05T23:20:20.816Z') ON CONFLICT (id) DO NOTHING;
INSERT INTO despesas (id, user_id, categoria_id, banco_id, cartao_id, descricao, valor_total, data, forma_pagamento, parcelado, numero_parcelas, recorrente, tipo_recorrencia, observacoes, comprovante, created_at, updated_at) VALUES ('693368e37ac7a0a7dbf2cebe', '68e6f3a3fb65749e4bb3a4f1', '68e9a4ac9bd285794d2bd78b', '68e99ba59bd285794d2bd4f4', NULL, 'Cuidador Eva', 160, '2025-11-30T00:00:00.000Z', 'debito', FALSE, NULL, FALSE, 'mensal', '', NULL, '2025-12-05T23:21:07.106Z', '2025-12-05T23:21:07.106Z') ON CONFLICT (id) DO NOTHING;
INSERT INTO despesas (id, user_id, categoria_id, banco_id, cartao_id, descricao, valor_total, data, forma_pagamento, parcelado, numero_parcelas, recorrente, tipo_recorrencia, observacoes, comprovante, created_at, updated_at) VALUES ('693369137ac7a0a7dbf2ced7', '68e6f3a3fb65749e4bb3a4f1', '68e9a4ac9bd285794d2bd78b', '68e99ba59bd285794d2bd4f4', NULL, 'Cuidador Eva', 310, '2025-12-03T00:00:00.000Z', 'debito', FALSE, NULL, FALSE, 'mensal', '', NULL, '2025-12-05T23:21:55.426Z', '2025-12-05T23:21:55.426Z') ON CONFLICT (id) DO NOTHING;
INSERT INTO despesas (id, user_id, categoria_id, banco_id, cartao_id, descricao, valor_total, data, forma_pagamento, parcelado, numero_parcelas, recorrente, tipo_recorrencia, observacoes, comprovante, created_at, updated_at) VALUES ('693369267ac7a0a7dbf2cef0', '68e6f3a3fb65749e4bb3a4f1', '68e9a4ac9bd285794d2bd78b', '68e99ba59bd285794d2bd4f4', NULL, 'Cuidador Susana', 160, '2025-12-03T00:00:00.000Z', 'debito', FALSE, NULL, FALSE, 'mensal', '', NULL, '2025-12-05T23:22:14.414Z', '2025-12-05T23:22:14.414Z') ON CONFLICT (id) DO NOTHING;
INSERT INTO despesas (id, user_id, categoria_id, banco_id, cartao_id, descricao, valor_total, data, forma_pagamento, parcelado, numero_parcelas, recorrente, tipo_recorrencia, observacoes, comprovante, created_at, updated_at) VALUES ('6933693f7ac7a0a7dbf2cf09', '68e6f3a3fb65749e4bb3a4f1', '68e9a4ac9bd285794d2bd78b', '68e99ba59bd285794d2bd4f4', NULL, 'Cuidador Susana', 160, '2025-12-05T00:00:00.000Z', 'debito', FALSE, NULL, FALSE, 'mensal', '', NULL, '2025-12-05T23:22:39.834Z', '2025-12-05T23:22:39.834Z') ON CONFLICT (id) DO NOTHING;
INSERT INTO despesas (id, user_id, categoria_id, banco_id, cartao_id, descricao, valor_total, data, forma_pagamento, parcelado, numero_parcelas, recorrente, tipo_recorrencia, observacoes, comprovante, created_at, updated_at) VALUES ('693369547ac7a0a7dbf2cf22', '68e6f3a3fb65749e4bb3a4f1', '68e9a4ac9bd285794d2bd78b', '68e99ba59bd285794d2bd4f4', NULL, 'Cuidador Eva', 310, '2025-12-05T00:00:00.000Z', 'debito', FALSE, NULL, FALSE, 'mensal', '', NULL, '2025-12-05T23:23:00.948Z', '2025-12-05T23:23:00.948Z') ON CONFLICT (id) DO NOTHING;
INSERT INTO despesas (id, user_id, categoria_id, banco_id, cartao_id, descricao, valor_total, data, forma_pagamento, parcelado, numero_parcelas, recorrente, tipo_recorrencia, observacoes, comprovante, created_at, updated_at) VALUES ('693369737ac7a0a7dbf2cf3a', '68e6f3a3fb65749e4bb3a4f1', '68e6f3a3fb65749e4bb3a4fc', '68e99ba59bd285794d2bd4f4', NULL, 'Aplicação Amanda', 300, '2025-12-05T00:00:00.000Z', 'debito', FALSE, NULL, FALSE, 'mensal', '', NULL, '2025-12-05T23:23:31.771Z', '2025-12-05T23:23:31.771Z') ON CONFLICT (id) DO NOTHING;
INSERT INTO despesas (id, user_id, categoria_id, banco_id, cartao_id, descricao, valor_total, data, forma_pagamento, parcelado, numero_parcelas, recorrente, tipo_recorrencia, observacoes, comprovante, created_at, updated_at) VALUES ('6933699f7ac7a0a7dbf2cf52', '68e6f3a3fb65749e4bb3a4f1', '68e9a4d59bd285794d2bd792', '68e99ba59bd285794d2bd4f4', NULL, 'Mercado pais', 591.76, '2025-11-29T00:00:00.000Z', 'debito', FALSE, NULL, FALSE, 'mensal', '', NULL, '2025-12-05T23:24:15.328Z', '2025-12-05T23:24:15.328Z') ON CONFLICT (id) DO NOTHING;
INSERT INTO despesas (id, user_id, categoria_id, banco_id, cartao_id, descricao, valor_total, data, forma_pagamento, parcelado, numero_parcelas, recorrente, tipo_recorrencia, observacoes, comprovante, created_at, updated_at) VALUES ('69336aa87ac7a0a7dbf2cfb8', '68e6f3a3fb65749e4bb3a4f1', '68e9a4d59bd285794d2bd792', '68e99ba59bd285794d2bd4f4', NULL, 'Fisio', 360, '2025-12-05T00:00:00.000Z', 'debito', FALSE, NULL, FALSE, 'mensal', '', NULL, '2025-12-05T23:28:40.417Z', '2025-12-05T23:28:40.417Z') ON CONFLICT (id) DO NOTHING;
INSERT INTO despesas (id, user_id, categoria_id, banco_id, cartao_id, descricao, valor_total, data, forma_pagamento, parcelado, numero_parcelas, recorrente, tipo_recorrencia, observacoes, comprovante, created_at, updated_at) VALUES ('693714367ac7a0a7dbf2d11c', '68e6f3a3fb65749e4bb3a4f1', '68e9a4ac9bd285794d2bd78b', '68e99ba59bd285794d2bd4f4', NULL, 'Cuidador Susana', 320, '2025-12-07T00:00:00.000Z', 'debito', FALSE, NULL, FALSE, 'mensal', '', NULL, '2025-12-08T18:08:54.215Z', '2025-12-08T18:08:54.215Z') ON CONFLICT (id) DO NOTHING;
INSERT INTO despesas (id, user_id, categoria_id, banco_id, cartao_id, descricao, valor_total, data, forma_pagamento, parcelado, numero_parcelas, recorrente, tipo_recorrencia, observacoes, comprovante, created_at, updated_at) VALUES ('693714587ac7a0a7dbf2d134', '68e6f3a3fb65749e4bb3a4f1', '68e9a4d59bd285794d2bd792', '68e99ba59bd285794d2bd4f4', NULL, 'Unimed mãe', 314.27, '2025-12-07T00:00:00.000Z', 'debito', FALSE, NULL, FALSE, 'mensal', '', NULL, '2025-12-08T18:09:28.360Z', '2025-12-08T18:09:28.360Z') ON CONFLICT (id) DO NOTHING;
INSERT INTO despesas (id, user_id, categoria_id, banco_id, cartao_id, descricao, valor_total, data, forma_pagamento, parcelado, numero_parcelas, recorrente, tipo_recorrencia, observacoes, comprovante, created_at, updated_at) VALUES ('693714767ac7a0a7dbf2d14c', '68e6f3a3fb65749e4bb3a4f1', '68e9a4d59bd285794d2bd792', '68e99ba59bd285794d2bd4f4', NULL, 'Remédio pai', 78.34, '2025-12-07T00:00:00.000Z', 'debito', FALSE, NULL, FALSE, 'mensal', '', NULL, '2025-12-08T18:09:58.095Z', '2025-12-08T18:09:58.095Z') ON CONFLICT (id) DO NOTHING;
INSERT INTO despesas (id, user_id, categoria_id, banco_id, cartao_id, descricao, valor_total, data, forma_pagamento, parcelado, numero_parcelas, recorrente, tipo_recorrencia, observacoes, comprovante, created_at, updated_at) VALUES ('693714927ac7a0a7dbf2d164', '68e6f3a3fb65749e4bb3a4f1', '68e9a4d59bd285794d2bd792', '68e99ba59bd285794d2bd4f4', NULL, 'Remédio pai', 114.98, '2025-12-06T00:00:00.000Z', 'debito', FALSE, NULL, FALSE, 'mensal', '', NULL, '2025-12-08T18:10:26.858Z', '2025-12-08T18:10:26.858Z') ON CONFLICT (id) DO NOTHING;
INSERT INTO despesas (id, user_id, categoria_id, banco_id, cartao_id, descricao, valor_total, data, forma_pagamento, parcelado, numero_parcelas, recorrente, tipo_recorrencia, observacoes, comprovante, created_at, updated_at) VALUES ('693714ba7ac7a0a7dbf2d17c', '68e6f3a3fb65749e4bb3a4f1', '68ea783b9bd285794d2bdb30', '68e99ba59bd285794d2bd4f4', NULL, 'Gui retoque', 280, '2025-12-06T00:00:00.000Z', 'debito', FALSE, NULL, FALSE, 'mensal', '', NULL, '2025-12-08T18:11:06.152Z', '2025-12-08T18:11:06.152Z') ON CONFLICT (id) DO NOTHING;
INSERT INTO despesas (id, user_id, categoria_id, banco_id, cartao_id, descricao, valor_total, data, forma_pagamento, parcelado, numero_parcelas, recorrente, tipo_recorrencia, observacoes, comprovante, created_at, updated_at) VALUES ('693714db7ac7a0a7dbf2d194', '68e6f3a3fb65749e4bb3a4f1', '68ea783b9bd285794d2bdb30', '68e99ba59bd285794d2bd4f4', NULL, 'Manicure', 170, '2025-12-06T00:00:00.000Z', 'debito', FALSE, NULL, FALSE, 'mensal', '', NULL, '2025-12-08T18:11:39.679Z', '2025-12-08T18:11:39.679Z') ON CONFLICT (id) DO NOTHING;
INSERT INTO despesas (id, user_id, categoria_id, banco_id, cartao_id, descricao, valor_total, data, forma_pagamento, parcelado, numero_parcelas, recorrente, tipo_recorrencia, observacoes, comprovante, created_at, updated_at) VALUES ('693715287ac7a0a7dbf2d1ac', '68e6f3a3fb65749e4bb3a4f1', '68e6f3a3fb65749e4bb3a4fb', '68e99b759bd285794d2bd4ed', NULL, 'Vigia casa', 120, '2025-12-07T00:00:00.000Z', 'debito', FALSE, NULL, FALSE, 'mensal', '', NULL, '2025-12-08T18:12:56.613Z', '2025-12-08T18:12:56.613Z') ON CONFLICT (id) DO NOTHING;
INSERT INTO despesas (id, user_id, categoria_id, banco_id, cartao_id, descricao, valor_total, data, forma_pagamento, parcelado, numero_parcelas, recorrente, tipo_recorrencia, observacoes, comprovante, created_at, updated_at) VALUES ('693715567ac7a0a7dbf2d1c4', '68e6f3a3fb65749e4bb3a4f1', '68e6f3a3fb65749e4bb3a4fb', '68e99b759bd285794d2bd4ed', NULL, 'Internet', 170, '2025-12-10T00:00:00.000Z', 'debito', FALSE, NULL, FALSE, 'mensal', '', NULL, '2025-12-08T18:13:42.864Z', '2025-12-08T18:15:59.599Z') ON CONFLICT (id) DO NOTHING;
INSERT INTO despesas (id, user_id, categoria_id, banco_id, cartao_id, descricao, valor_total, data, forma_pagamento, parcelado, numero_parcelas, recorrente, tipo_recorrencia, observacoes, comprovante, created_at, updated_at) VALUES ('6937157f7ac7a0a7dbf2d1dc', '68e6f3a3fb65749e4bb3a4f1', '68e6f3a3fb65749e4bb3a4fb', '68e99b759bd285794d2bd4ed', NULL, 'Luz', 145.07, '2025-12-15T00:00:00.000Z', 'debito', FALSE, NULL, FALSE, 'mensal', '', NULL, '2025-12-08T18:14:23.215Z', '2025-12-08T18:14:23.215Z') ON CONFLICT (id) DO NOTHING;
INSERT INTO despesas (id, user_id, categoria_id, banco_id, cartao_id, descricao, valor_total, data, forma_pagamento, parcelado, numero_parcelas, recorrente, tipo_recorrencia, observacoes, comprovante, created_at, updated_at) VALUES ('693715a47ac7a0a7dbf2d1f4', '68e6f3a3fb65749e4bb3a4f1', '68e6f3a3fb65749e4bb3a4fc', '68e99b759bd285794d2bd4ed', NULL, 'Unimed', 1013.27, '2025-12-22T00:00:00.000Z', 'debito', FALSE, NULL, FALSE, 'mensal', '', NULL, '2025-12-08T18:15:00.329Z', '2025-12-08T18:15:00.329Z') ON CONFLICT (id) DO NOTHING;
INSERT INTO despesas (id, user_id, categoria_id, banco_id, cartao_id, descricao, valor_total, data, forma_pagamento, parcelado, numero_parcelas, recorrente, tipo_recorrencia, observacoes, comprovante, created_at, updated_at) VALUES ('693828f77ac7a0a7dbf2d268', '68e6f3a3fb65749e4bb3a4f1', '68e6f3a3fb65749e4bb3a4fb', '68e99b759bd285794d2bd4ed', NULL, 'Água', 171.68, '2025-12-09T00:00:00.000Z', 'debito', FALSE, NULL, FALSE, 'mensal', '', NULL, '2025-12-09T13:49:43.083Z', '2025-12-09T13:49:43.083Z') ON CONFLICT (id) DO NOTHING;
INSERT INTO despesas (id, user_id, categoria_id, banco_id, cartao_id, descricao, valor_total, data, forma_pagamento, parcelado, numero_parcelas, recorrente, tipo_recorrencia, observacoes, comprovante, created_at, updated_at) VALUES ('693829257ac7a0a7dbf2d280', '68e6f3a3fb65749e4bb3a4f1', '68e6f3a3fb65749e4bb3a4fb', '68e99b759bd285794d2bd4ed', NULL, 'Energia Solar', 668.67, '2025-12-22T00:00:00.000Z', 'debito', FALSE, NULL, FALSE, 'mensal', '', NULL, '2025-12-09T13:50:29.981Z', '2025-12-09T13:50:29.981Z') ON CONFLICT (id) DO NOTHING;
INSERT INTO despesas (id, user_id, categoria_id, banco_id, cartao_id, descricao, valor_total, data, forma_pagamento, parcelado, numero_parcelas, recorrente, tipo_recorrencia, observacoes, comprovante, created_at, updated_at) VALUES ('693829917ac7a0a7dbf2d298', '68e6f3a3fb65749e4bb3a4f1', '68e6f3a3fb65749e4bb3a4fb', '68e99b759bd285794d2bd4ed', NULL, 'IPTU', 208.17, '2025-12-15T00:00:00.000Z', 'debito', FALSE, NULL, FALSE, 'mensal', '', NULL, '2025-12-09T13:52:17.551Z', '2025-12-09T13:52:17.551Z') ON CONFLICT (id) DO NOTHING;
INSERT INTO despesas (id, user_id, categoria_id, banco_id, cartao_id, descricao, valor_total, data, forma_pagamento, parcelado, numero_parcelas, recorrente, tipo_recorrencia, observacoes, comprovante, created_at, updated_at) VALUES ('693829b27ac7a0a7dbf2d2b0', '68e6f3a3fb65749e4bb3a4f1', '68e9a4ac9bd285794d2bd78b', '68e99ba59bd285794d2bd4f4', NULL, 'Eva cuidador', 160, '2025-12-08T00:00:00.000Z', 'debito', FALSE, NULL, FALSE, 'mensal', '', NULL, '2025-12-09T13:52:50.670Z', '2025-12-09T13:52:50.670Z') ON CONFLICT (id) DO NOTHING;
INSERT INTO despesas (id, user_id, categoria_id, banco_id, cartao_id, descricao, valor_total, data, forma_pagamento, parcelado, numero_parcelas, recorrente, tipo_recorrencia, observacoes, comprovante, created_at, updated_at) VALUES ('69382f927ac7a0a7dbf2d302', '68e6f3a3fb65749e4bb3a4f1', '68e9a4d59bd285794d2bd792', '68e99ba59bd285794d2bd4f4', NULL, 'Remédio pai', 47.88, '2025-12-09T00:00:00.000Z', 'debito', FALSE, NULL, FALSE, 'mensal', '', NULL, '2025-12-09T14:17:54.800Z', '2025-12-09T14:17:54.800Z') ON CONFLICT (id) DO NOTHING;
INSERT INTO despesas (id, user_id, categoria_id, banco_id, cartao_id, descricao, valor_total, data, forma_pagamento, parcelado, numero_parcelas, recorrente, tipo_recorrencia, observacoes, comprovante, created_at, updated_at) VALUES ('693889d17ac7a0a7dbf2d348', '68e6f3a3fb65749e4bb3a4f1', '68e9a4d59bd285794d2bd792', '68e99ba59bd285794d2bd4f4', NULL, 'Bruna fisio', 360, '2025-12-09T00:00:00.000Z', 'debito', FALSE, NULL, FALSE, 'mensal', '', NULL, '2025-12-09T20:42:57.574Z', '2025-12-09T20:42:57.574Z') ON CONFLICT (id) DO NOTHING;
INSERT INTO despesas (id, user_id, categoria_id, banco_id, cartao_id, descricao, valor_total, data, forma_pagamento, parcelado, numero_parcelas, recorrente, tipo_recorrencia, observacoes, comprovante, created_at, updated_at) VALUES ('693ad31f7ac7a0a7dbf2d38e', '68e6f3a3fb65749e4bb3a4f1', '68e9a4d59bd285794d2bd792', '68e99ba59bd285794d2bd4f4', NULL, 'Seguro casa pai', 99.88, '2025-12-11T00:00:00.000Z', 'debito', FALSE, NULL, FALSE, 'mensal', '', NULL, '2025-12-11T14:20:15.541Z', '2025-12-11T14:20:15.541Z') ON CONFLICT (id) DO NOTHING;
INSERT INTO despesas (id, user_id, categoria_id, banco_id, cartao_id, descricao, valor_total, data, forma_pagamento, parcelado, numero_parcelas, recorrente, tipo_recorrencia, observacoes, comprovante, created_at, updated_at) VALUES ('693ad3497ac7a0a7dbf2d3ac', '68e6f3a3fb65749e4bb3a4f1', '68e9a4ac9bd285794d2bd78b', '68e99b759bd285794d2bd4ed', NULL, 'Eva cuidador', 310, '2025-12-10T00:00:00.000Z', 'debito', FALSE, NULL, FALSE, 'mensal', '', NULL, '2025-12-11T14:20:57.151Z', '2025-12-11T14:20:57.151Z') ON CONFLICT (id) DO NOTHING;
INSERT INTO despesas (id, user_id, categoria_id, banco_id, cartao_id, descricao, valor_total, data, forma_pagamento, parcelado, numero_parcelas, recorrente, tipo_recorrencia, observacoes, comprovante, created_at, updated_at) VALUES ('693c04087ac7a0a7dbf2d3f2', '68e6f3a3fb65749e4bb3a4f1', '68e9a4d59bd285794d2bd792', '68e99ba59bd285794d2bd4f4', NULL, 'Dr. Jefferson médico', 600, '2025-12-11T00:00:00.000Z', 'debito', FALSE, NULL, FALSE, 'mensal', '', NULL, '2025-12-12T12:01:12.399Z', '2025-12-12T12:01:12.399Z') ON CONFLICT (id) DO NOTHING;
INSERT INTO despesas (id, user_id, categoria_id, banco_id, cartao_id, descricao, valor_total, data, forma_pagamento, parcelado, numero_parcelas, recorrente, tipo_recorrencia, observacoes, comprovante, created_at, updated_at) VALUES ('693c04317ac7a0a7dbf2d40a', '68e6f3a3fb65749e4bb3a4f1', '68e9a4ac9bd285794d2bd78b', '68e99ba59bd285794d2bd4f4', NULL, 'Susana cuidador', 160, '2025-12-11T00:00:00.000Z', 'debito', FALSE, NULL, FALSE, 'mensal', '', NULL, '2025-12-12T12:01:53.505Z', '2025-12-12T12:01:53.505Z') ON CONFLICT (id) DO NOTHING;
INSERT INTO despesas (id, user_id, categoria_id, banco_id, cartao_id, descricao, valor_total, data, forma_pagamento, parcelado, numero_parcelas, recorrente, tipo_recorrencia, observacoes, comprovante, created_at, updated_at) VALUES ('693c04437ac7a0a7dbf2d422', '68e6f3a3fb65749e4bb3a4f1', '68e9a4ac9bd285794d2bd78b', '68e99ba59bd285794d2bd4f4', NULL, 'Eva cuidador', 310, '2025-12-12T00:00:00.000Z', 'debito', FALSE, NULL, FALSE, 'mensal', '', NULL, '2025-12-12T12:02:11.361Z', '2025-12-12T12:02:11.361Z') ON CONFLICT (id) DO NOTHING;
INSERT INTO despesas (id, user_id, categoria_id, banco_id, cartao_id, descricao, valor_total, data, forma_pagamento, parcelado, numero_parcelas, recorrente, tipo_recorrencia, observacoes, comprovante, created_at, updated_at) VALUES ('693fec047ac7a0a7dbf2d468', '68e6f3a3fb65749e4bb3a4f1', '68e9a4d59bd285794d2bd792', NULL, '68e99eb19bd285794d2bd52e', 'Mercado pais', 716.36, '2025-12-14T00:00:00.000Z', 'credito', FALSE, NULL, FALSE, 'mensal', '', NULL, '2025-12-15T11:07:48.077Z', '2025-12-15T11:07:48.077Z') ON CONFLICT (id) DO NOTHING;
INSERT INTO despesas (id, user_id, categoria_id, banco_id, cartao_id, descricao, valor_total, data, forma_pagamento, parcelado, numero_parcelas, recorrente, tipo_recorrencia, observacoes, comprovante, created_at, updated_at) VALUES ('693fec417ac7a0a7dbf2d481', '68e6f3a3fb65749e4bb3a4f1', '68e9a4ac9bd285794d2bd78b', '68e99ba59bd285794d2bd4f4', NULL, 'Susana cuidador', 160, '2025-12-13T00:00:00.000Z', 'debito', FALSE, NULL, FALSE, 'mensal', '', NULL, '2025-12-15T11:08:49.295Z', '2025-12-15T20:23:05.286Z') ON CONFLICT (id) DO NOTHING;
INSERT INTO despesas (id, user_id, categoria_id, banco_id, cartao_id, descricao, valor_total, data, forma_pagamento, parcelado, numero_parcelas, recorrente, tipo_recorrencia, observacoes, comprovante, created_at, updated_at) VALUES ('69406de87ac7a0a7dbf2d552', '68e6f3a3fb65749e4bb3a4f1', '68e9a1c99bd285794d2bd6a4', '68e99bfa9bd285794d2bd4fb', NULL, 'Romeo Vet.', 2829.62, '2025-12-15T00:00:00.000Z', 'debito', FALSE, NULL, FALSE, 'mensal', '', NULL, '2025-12-15T20:22:00.087Z', '2025-12-15T20:22:00.087Z') ON CONFLICT (id) DO NOTHING;
INSERT INTO despesas (id, user_id, categoria_id, banco_id, cartao_id, descricao, valor_total, data, forma_pagamento, parcelado, numero_parcelas, recorrente, tipo_recorrencia, observacoes, comprovante, created_at, updated_at) VALUES ('69406e067ac7a0a7dbf2d56b', '68e6f3a3fb65749e4bb3a4f1', '68e6f3a3fb65749e4bb3a4f9', '68e99bfa9bd285794d2bd4fb', NULL, 'Marmitas', 553, '2025-12-15T00:00:00.000Z', 'debito', FALSE, NULL, FALSE, 'mensal', '', NULL, '2025-12-15T20:22:30.191Z', '2025-12-15T20:22:30.191Z') ON CONFLICT (id) DO NOTHING;
INSERT INTO despesas (id, user_id, categoria_id, banco_id, cartao_id, descricao, valor_total, data, forma_pagamento, parcelado, numero_parcelas, recorrente, tipo_recorrencia, observacoes, comprovante, created_at, updated_at) VALUES ('69428bf17ac7a0a7dbf2d60a', '68e6f3a3fb65749e4bb3a4f1', '68e9a4ac9bd285794d2bd78b', '68e99ba59bd285794d2bd4f4', NULL, 'Susana cuidador', 160, '2025-12-17T00:00:00.000Z', 'debito', FALSE, NULL, FALSE, 'mensal', '', NULL, '2025-12-17T10:54:41.678Z', '2025-12-17T10:54:41.678Z') ON CONFLICT (id) DO NOTHING;
INSERT INTO despesas (id, user_id, categoria_id, banco_id, cartao_id, descricao, valor_total, data, forma_pagamento, parcelado, numero_parcelas, recorrente, tipo_recorrencia, observacoes, comprovante, created_at, updated_at) VALUES ('69428c277ac7a0a7dbf2d623', '68e6f3a3fb65749e4bb3a4f1', '68e9a4ac9bd285794d2bd78b', '68e99ba59bd285794d2bd4f4', NULL, 'Eva cuidador', 460, '2025-12-17T00:00:00.000Z', 'debito', FALSE, NULL, FALSE, 'mensal', '', NULL, '2025-12-17T10:55:35.235Z', '2025-12-17T10:55:35.235Z') ON CONFLICT (id) DO NOTHING;
INSERT INTO despesas (id, user_id, categoria_id, banco_id, cartao_id, descricao, valor_total, data, forma_pagamento, parcelado, numero_parcelas, recorrente, tipo_recorrencia, observacoes, comprovante, created_at, updated_at) VALUES ('6943125b7ac7a0a7dbf2d69c', '68e6f3a3fb65749e4bb3a4f1', '68e9a4d59bd285794d2bd792', '68e99ba59bd285794d2bd4f4', NULL, 'Bruna fisio', 130, '2025-12-17T00:00:00.000Z', 'debito', FALSE, NULL, FALSE, 'mensal', '', NULL, '2025-12-17T20:28:11.365Z', '2025-12-17T20:28:11.365Z') ON CONFLICT (id) DO NOTHING;
INSERT INTO despesas (id, user_id, categoria_id, banco_id, cartao_id, descricao, valor_total, data, forma_pagamento, parcelado, numero_parcelas, recorrente, tipo_recorrencia, observacoes, comprovante, created_at, updated_at) VALUES ('694533457ac7a0a7dbf2d6e2', '68e6f3a3fb65749e4bb3a4f1', '68e9a4ac9bd285794d2bd78b', '68e99ba59bd285794d2bd4f4', NULL, 'Susana cuidador', 160, '2025-12-19T00:00:00.000Z', 'debito', FALSE, NULL, FALSE, 'mensal', '', NULL, '2025-12-19T11:13:09.286Z', '2025-12-19T11:13:09.286Z') ON CONFLICT (id) DO NOTHING;
INSERT INTO despesas (id, user_id, categoria_id, banco_id, cartao_id, descricao, valor_total, data, forma_pagamento, parcelado, numero_parcelas, recorrente, tipo_recorrencia, observacoes, comprovante, created_at, updated_at) VALUES ('6945344c7ac7a0a7dbf2d6fa', '68e6f3a3fb65749e4bb3a4f1', '68e9a4ac9bd285794d2bd78b', '68e99ba59bd285794d2bd4f4', NULL, 'Eva cuidador', 150, '2025-12-19T00:00:00.000Z', 'debito', FALSE, NULL, FALSE, 'mensal', '', NULL, '2025-12-19T11:17:32.847Z', '2025-12-19T11:17:32.847Z') ON CONFLICT (id) DO NOTHING;
INSERT INTO despesas (id, user_id, categoria_id, banco_id, cartao_id, descricao, valor_total, data, forma_pagamento, parcelado, numero_parcelas, recorrente, tipo_recorrencia, observacoes, comprovante, created_at, updated_at) VALUES ('69492e857ac7a0a7dbf2d7d8', '68e6f3a3fb65749e4bb3a4f1', '68e9a4d59bd285794d2bd792', NULL, '68e99eb19bd285794d2bd52e', 'Supermercado pai', 400.49, '2025-12-20T00:00:00.000Z', 'credito', FALSE, NULL, FALSE, 'mensal', '', NULL, '2025-12-22T11:41:57.705Z', '2025-12-22T11:46:58.176Z') ON CONFLICT (id) DO NOTHING;
INSERT INTO despesas (id, user_id, categoria_id, banco_id, cartao_id, descricao, valor_total, data, forma_pagamento, parcelado, numero_parcelas, recorrente, tipo_recorrencia, observacoes, comprovante, created_at, updated_at) VALUES ('69492f8a7ac7a0a7dbf2d7f1', '68e6f3a3fb65749e4bb3a4f1', '68e9a4d59bd285794d2bd792', '68e99ba59bd285794d2bd4f4', '68e99eb19bd285794d2bd52e', 'Supermercado pai', 400.49, '2025-12-20T00:00:00.000Z', 'credito', FALSE, NULL, FALSE, 'mensal', '', NULL, '2025-12-22T11:46:18.564Z', '2025-12-22T11:51:23.719Z') ON CONFLICT (id) DO NOTHING;
INSERT INTO despesas (id, user_id, categoria_id, banco_id, cartao_id, descricao, valor_total, data, forma_pagamento, parcelado, numero_parcelas, recorrente, tipo_recorrencia, observacoes, comprovante, created_at, updated_at) VALUES ('69492f9d7ac7a0a7dbf2d80a', '68e6f3a3fb65749e4bb3a4f1', '68e9a4ac9bd285794d2bd78b', '68e99ba59bd285794d2bd4f4', NULL, 'Eva cuidador', 160, '2025-12-20T00:00:00.000Z', 'debito', FALSE, NULL, FALSE, 'mensal', '', NULL, '2025-12-22T11:46:37.813Z', '2025-12-22T11:52:04.079Z') ON CONFLICT (id) DO NOTHING;
INSERT INTO despesas (id, user_id, categoria_id, banco_id, cartao_id, descricao, valor_total, data, forma_pagamento, parcelado, numero_parcelas, recorrente, tipo_recorrencia, observacoes, comprovante, created_at, updated_at) VALUES ('694930777ac7a0a7dbf2d83a', '68e6f3a3fb65749e4bb3a4f1', '68e9a4ac9bd285794d2bd78b', '68e99ba59bd285794d2bd4f4', NULL, 'Susana cuidador', 160, '2025-12-22T00:00:00.000Z', 'debito', FALSE, NULL, FALSE, 'mensal', '', NULL, '2025-12-22T11:50:15.876Z', '2025-12-22T11:50:15.876Z') ON CONFLICT (id) DO NOTHING;
INSERT INTO despesas (id, user_id, categoria_id, banco_id, cartao_id, descricao, valor_total, data, forma_pagamento, parcelado, numero_parcelas, recorrente, tipo_recorrencia, observacoes, comprovante, created_at, updated_at) VALUES ('694930877ac7a0a7dbf2d853', '68e6f3a3fb65749e4bb3a4f1', '68e9a4ac9bd285794d2bd78b', '68e99ba59bd285794d2bd4f4', NULL, 'Eva cuidador', 310, '2025-12-22T00:00:00.000Z', 'debito', FALSE, NULL, FALSE, 'mensal', '', NULL, '2025-12-22T11:50:31.521Z', '2025-12-22T11:50:31.521Z') ON CONFLICT (id) DO NOTHING;
INSERT INTO despesas (id, user_id, categoria_id, banco_id, cartao_id, descricao, valor_total, data, forma_pagamento, parcelado, numero_parcelas, recorrente, tipo_recorrencia, observacoes, comprovante, created_at, updated_at) VALUES ('6951914c7ac7a0a7dbf2d931', '68e6f3a3fb65749e4bb3a4f1', '68e9a4ac9bd285794d2bd78b', '68e99ba59bd285794d2bd4f4', NULL, 'Cuidador Eva', 160, '2025-12-24T00:00:00.000Z', 'debito', FALSE, NULL, FALSE, 'mensal', '', NULL, '2025-12-28T20:21:32.625Z', '2025-12-28T20:21:32.625Z') ON CONFLICT (id) DO NOTHING;
INSERT INTO despesas (id, user_id, categoria_id, banco_id, cartao_id, descricao, valor_total, data, forma_pagamento, parcelado, numero_parcelas, recorrente, tipo_recorrencia, observacoes, comprovante, created_at, updated_at) VALUES ('695191587ac7a0a7dbf2d94a', '68e6f3a3fb65749e4bb3a4f1', '68e9a4ac9bd285794d2bd78b', '68e99ba59bd285794d2bd4f4', NULL, 'Cuidador Susana', 160, '2025-12-24T00:00:00.000Z', 'debito', FALSE, NULL, FALSE, 'mensal', '', NULL, '2025-12-28T20:21:44.741Z', '2025-12-28T20:21:44.741Z') ON CONFLICT (id) DO NOTHING;
INSERT INTO despesas (id, user_id, categoria_id, banco_id, cartao_id, descricao, valor_total, data, forma_pagamento, parcelado, numero_parcelas, recorrente, tipo_recorrencia, observacoes, comprovante, created_at, updated_at) VALUES ('695191787ac7a0a7dbf2d963', '68e6f3a3fb65749e4bb3a4f1', '68e9a4ac9bd285794d2bd78b', '68e99ba59bd285794d2bd4f4', NULL, 'Cuidador Susana', 160, '2025-12-26T00:00:00.000Z', 'debito', FALSE, NULL, FALSE, 'mensal', '', NULL, '2025-12-28T20:22:16.016Z', '2025-12-28T20:22:16.016Z') ON CONFLICT (id) DO NOTHING;
INSERT INTO despesas (id, user_id, categoria_id, banco_id, cartao_id, descricao, valor_total, data, forma_pagamento, parcelado, numero_parcelas, recorrente, tipo_recorrencia, observacoes, comprovante, created_at, updated_at) VALUES ('6951919b7ac7a0a7dbf2d97c', '68e6f3a3fb65749e4bb3a4f1', '68e9a4d59bd285794d2bd792', '68e99ba59bd285794d2bd4f4', NULL, 'Remédio Pai', 36.75, '2025-12-25T00:00:00.000Z', 'debito', FALSE, NULL, FALSE, 'mensal', '', NULL, '2025-12-28T20:22:51.084Z', '2025-12-28T20:22:51.084Z') ON CONFLICT (id) DO NOTHING;
INSERT INTO despesas (id, user_id, categoria_id, banco_id, cartao_id, descricao, valor_total, data, forma_pagamento, parcelado, numero_parcelas, recorrente, tipo_recorrencia, observacoes, comprovante, created_at, updated_at) VALUES ('695191bc7ac7a0a7dbf2d995', '68e6f3a3fb65749e4bb3a4f1', '68e9a4ac9bd285794d2bd78b', '68e99ba59bd285794d2bd4f4', NULL, 'Cuidador Susana', 320, '2025-12-27T00:00:00.000Z', 'debito', FALSE, NULL, FALSE, 'mensal', '', NULL, '2025-12-28T20:23:24.619Z', '2025-12-28T20:23:24.619Z') ON CONFLICT (id) DO NOTHING;
INSERT INTO despesas (id, user_id, categoria_id, banco_id, cartao_id, descricao, valor_total, data, forma_pagamento, parcelado, numero_parcelas, recorrente, tipo_recorrencia, observacoes, comprovante, created_at, updated_at) VALUES ('695191db7ac7a0a7dbf2d9ad', '68e6f3a3fb65749e4bb3a4f1', '68e9a4ac9bd285794d2bd78b', '68e99ba59bd285794d2bd4f4', NULL, 'Cuidador Eva', 160, '2025-12-27T00:00:00.000Z', 'debito', FALSE, NULL, FALSE, 'mensal', '', NULL, '2025-12-28T20:23:55.746Z', '2025-12-28T20:23:55.746Z') ON CONFLICT (id) DO NOTHING;
INSERT INTO despesas (id, user_id, categoria_id, banco_id, cartao_id, descricao, valor_total, data, forma_pagamento, parcelado, numero_parcelas, recorrente, tipo_recorrencia, observacoes, comprovante, created_at, updated_at) VALUES ('6951929a7ac7a0a7dbf2d9f5', '68e6f3a3fb65749e4bb3a4f1', '68e6f3a3fb65749e4bb3a4fc', '68e99bfa9bd285794d2bd4fb', NULL, 'Fono', 300, '2025-12-26T00:00:00.000Z', 'debito', FALSE, NULL, FALSE, 'mensal', '', NULL, '2025-12-28T20:27:06.468Z', '2025-12-28T20:27:06.468Z') ON CONFLICT (id) DO NOTHING;
INSERT INTO despesas (id, user_id, categoria_id, banco_id, cartao_id, descricao, valor_total, data, forma_pagamento, parcelado, numero_parcelas, recorrente, tipo_recorrencia, observacoes, comprovante, created_at, updated_at) VALUES ('695192bc7ac7a0a7dbf2da0d', '68e6f3a3fb65749e4bb3a4f1', '68e9a1c99bd285794d2bd6a4', '68e99bfa9bd285794d2bd4fb', NULL, 'Romeu exames', 299.27, '2025-12-26T00:00:00.000Z', 'debito', FALSE, NULL, FALSE, 'mensal', '', NULL, '2025-12-28T20:27:40.164Z', '2025-12-28T20:27:40.164Z') ON CONFLICT (id) DO NOTHING;
INSERT INTO despesas (id, user_id, categoria_id, banco_id, cartao_id, descricao, valor_total, data, forma_pagamento, parcelado, numero_parcelas, recorrente, tipo_recorrencia, observacoes, comprovante, created_at, updated_at) VALUES ('695192e77ac7a0a7dbf2da25', '68e6f3a3fb65749e4bb3a4f1', '68e9a1c99bd285794d2bd6a4', '68e99bfa9bd285794d2bd4fb', NULL, 'Pet''s', 166.9, '2025-12-24T00:00:00.000Z', 'debito', FALSE, NULL, FALSE, 'mensal', '', NULL, '2025-12-28T20:28:23.809Z', '2025-12-28T20:28:23.809Z') ON CONFLICT (id) DO NOTHING;
INSERT INTO despesas (id, user_id, categoria_id, banco_id, cartao_id, descricao, valor_total, data, forma_pagamento, parcelado, numero_parcelas, recorrente, tipo_recorrencia, observacoes, comprovante, created_at, updated_at) VALUES ('6951930c7ac7a0a7dbf2da3d', '68e6f3a3fb65749e4bb3a4f1', '68e6f3a3fb65749e4bb3a4fc', '68e99bfa9bd285794d2bd4fb', NULL, 'Limpeza de pele', 165, '2025-12-23T00:00:00.000Z', 'debito', FALSE, NULL, FALSE, 'mensal', '', NULL, '2025-12-28T20:29:00.695Z', '2025-12-28T20:29:00.695Z') ON CONFLICT (id) DO NOTHING;
INSERT INTO despesas (id, user_id, categoria_id, banco_id, cartao_id, descricao, valor_total, data, forma_pagamento, parcelado, numero_parcelas, recorrente, tipo_recorrencia, observacoes, comprovante, created_at, updated_at) VALUES ('6951935d7ac7a0a7dbf2da55', '68e6f3a3fb65749e4bb3a4f1', '68e9a4d59bd285794d2bd792', NULL, '68e99eb19bd285794d2bd52e', 'Mercado pais', 482.83, '2025-12-28T00:00:00.000Z', 'credito', FALSE, NULL, FALSE, 'mensal', '', NULL, '2025-12-28T20:30:21.307Z', '2025-12-28T20:30:21.307Z') ON CONFLICT (id) DO NOTHING;
INSERT INTO despesas (id, user_id, categoria_id, banco_id, cartao_id, descricao, valor_total, data, forma_pagamento, parcelado, numero_parcelas, recorrente, tipo_recorrencia, observacoes, comprovante, created_at, updated_at) VALUES ('695193a17ac7a0a7dbf2da6e', '68e6f3a3fb65749e4bb3a4f1', '68e6f3a3fb65749e4bb3a4f9', '68e99bfa9bd285794d2bd4fb', NULL, 'Michele sobremesa', 346, '2025-12-24T00:00:00.000Z', 'debito', FALSE, NULL, FALSE, 'mensal', '', NULL, '2025-12-28T20:31:29.273Z', '2025-12-28T20:31:29.273Z') ON CONFLICT (id) DO NOTHING;
INSERT INTO despesas (id, user_id, categoria_id, banco_id, cartao_id, descricao, valor_total, data, forma_pagamento, parcelado, numero_parcelas, recorrente, tipo_recorrencia, observacoes, comprovante, created_at, updated_at) VALUES ('695193e97ac7a0a7dbf2da87', '68e6f3a3fb65749e4bb3a4f1', '68e6f3a3fb65749e4bb3a4f9', '68e99bfa9bd285794d2bd4fb', NULL, 'Mercado', 175.42, '2025-12-26T00:00:00.000Z', 'debito', FALSE, NULL, FALSE, 'mensal', '', NULL, '2025-12-28T20:32:41.586Z', '2025-12-28T20:32:41.586Z') ON CONFLICT (id) DO NOTHING;
INSERT INTO despesas (id, user_id, categoria_id, banco_id, cartao_id, descricao, valor_total, data, forma_pagamento, parcelado, numero_parcelas, recorrente, tipo_recorrencia, observacoes, comprovante, created_at, updated_at) VALUES ('6952e2477ac7a0a7dbf2dadb', '68e6f3a3fb65749e4bb3a4f1', '68e9a4d59bd285794d2bd792', '68e99ba59bd285794d2bd4f4', NULL, 'Remédio Pai', 68.99, '2025-12-29T00:00:00.000Z', 'debito', FALSE, NULL, FALSE, 'mensal', '', NULL, '2025-12-29T20:19:19.207Z', '2025-12-29T20:19:19.207Z') ON CONFLICT (id) DO NOTHING;
INSERT INTO despesas (id, user_id, categoria_id, banco_id, cartao_id, descricao, valor_total, data, forma_pagamento, parcelado, numero_parcelas, recorrente, tipo_recorrencia, observacoes, comprovante, created_at, updated_at) VALUES ('6952e26c7ac7a0a7dbf2daf4', '68e6f3a3fb65749e4bb3a4f1', '68e9a4ac9bd285794d2bd78b', '68e99ba59bd285794d2bd4f4', NULL, 'Cuidador Eva', 310, '2025-12-29T00:00:00.000Z', 'debito', FALSE, NULL, FALSE, 'mensal', '', NULL, '2025-12-29T20:19:56.200Z', '2025-12-29T20:19:56.200Z') ON CONFLICT (id) DO NOTHING;
INSERT INTO despesas (id, user_id, categoria_id, banco_id, cartao_id, descricao, valor_total, data, forma_pagamento, parcelado, numero_parcelas, recorrente, tipo_recorrencia, observacoes, comprovante, created_at, updated_at) VALUES ('6952e2f67ac7a0a7dbf2db57', '68e6f3a3fb65749e4bb3a4f1', '68e6f3a3fb65749e4bb3a4fb', '68e99bfa9bd285794d2bd4fb', NULL, 'Regina faxina', 220, '2025-12-29T00:00:00.000Z', 'debito', FALSE, NULL, FALSE, 'mensal', '', NULL, '2025-12-29T20:22:14.975Z', '2025-12-29T20:22:14.975Z') ON CONFLICT (id) DO NOTHING;
INSERT INTO despesas (id, user_id, categoria_id, banco_id, cartao_id, descricao, valor_total, data, forma_pagamento, parcelado, numero_parcelas, recorrente, tipo_recorrencia, observacoes, comprovante, created_at, updated_at) VALUES ('6957e0be7ac7a0a7dbf2dbea', '68e6f3a3fb65749e4bb3a4f1', '68e9a4ac9bd285794d2bd78b', '68e99ba59bd285794d2bd4f4', NULL, 'Cuidador Susana', 160, '2025-12-31T00:00:00.000Z', 'debito', FALSE, NULL, FALSE, 'mensal', '', NULL, '2026-01-02T15:14:06.401Z', '2026-01-02T15:14:06.401Z') ON CONFLICT (id) DO NOTHING;
INSERT INTO despesas (id, user_id, categoria_id, banco_id, cartao_id, descricao, valor_total, data, forma_pagamento, parcelado, numero_parcelas, recorrente, tipo_recorrencia, observacoes, comprovante, created_at, updated_at) VALUES ('6957e0de7ac7a0a7dbf2dc03', '68e6f3a3fb65749e4bb3a4f1', '68e9a4ac9bd285794d2bd78b', '68e99ba59bd285794d2bd4f4', NULL, 'Cuidador Eva', 310, '2026-01-02T00:00:00.000Z', 'debito', FALSE, NULL, FALSE, 'mensal', '', NULL, '2026-01-02T15:14:38.208Z', '2026-01-02T15:14:38.208Z') ON CONFLICT (id) DO NOTHING;
INSERT INTO despesas (id, user_id, categoria_id, banco_id, cartao_id, descricao, valor_total, data, forma_pagamento, parcelado, numero_parcelas, recorrente, tipo_recorrencia, observacoes, comprovante, created_at, updated_at) VALUES ('695a9b027ac7a0a7dbf2dc4b', '68e6f3a3fb65749e4bb3a4f1', '68e9a4ac9bd285794d2bd78b', '68e99ba59bd285794d2bd4f4', NULL, 'Cuidador Susana', 160, '2026-01-04T00:00:00.000Z', 'debito', FALSE, NULL, FALSE, 'mensal', '', NULL, '2026-01-04T16:53:22.599Z', '2026-01-04T16:53:22.599Z') ON CONFLICT (id) DO NOTHING;
INSERT INTO despesa_parcelas (id, despesa_id, numero, valor, data_vencimento, paga, data_pagamento) VALUES ('5a8032b0-eae3-4cb4-950a-264e692f0c05', '68e6d111fa1493987c1b924a', 1, 300, '2024-01-05T00:00:00.000Z', FALSE, NULL) ON CONFLICT (despesa_id, numero) DO NOTHING;
INSERT INTO despesa_parcelas (id, despesa_id, numero, valor, data_vencimento, paga, data_pagamento) VALUES ('a4fadb2c-836d-41f8-a091-8e67f66bee73', '68e6d111fa1493987c1b924a', 2, 300, '2024-02-05T00:00:00.000Z', FALSE, NULL) ON CONFLICT (despesa_id, numero) DO NOTHING;
INSERT INTO despesa_parcelas (id, despesa_id, numero, valor, data_vencimento, paga, data_pagamento) VALUES ('c36bec48-6e94-44ad-9a9f-2974fa0644cd', '68e6d111fa1493987c1b924a', 3, 300, '2024-03-05T00:00:00.000Z', FALSE, NULL) ON CONFLICT (despesa_id, numero) DO NOTHING;
INSERT INTO despesa_parcelas (id, despesa_id, numero, valor, data_vencimento, paga, data_pagamento) VALUES ('2cc7f0ef-465a-4be8-98f7-138fcdc093b5', '68e6d111fa1493987c1b924a', 4, 300, '2024-04-05T00:00:00.000Z', FALSE, NULL) ON CONFLICT (despesa_id, numero) DO NOTHING;
INSERT INTO despesa_parcelas (id, despesa_id, numero, valor, data_vencimento, paga, data_pagamento) VALUES ('0f94028f-8bb1-4268-a2bd-542f37f8c323', '68e6d111fa1493987c1b924a', 5, 300, '2024-05-05T00:00:00.000Z', FALSE, NULL) ON CONFLICT (despesa_id, numero) DO NOTHING;
INSERT INTO despesa_parcelas (id, despesa_id, numero, valor, data_vencimento, paga, data_pagamento) VALUES ('cced3b94-81a0-47d0-a170-4653ec82fe7e', '68e6d111fa1493987c1b924a', 6, 300, '2024-06-05T00:00:00.000Z', FALSE, NULL) ON CONFLICT (despesa_id, numero) DO NOTHING;
INSERT INTO despesa_parcelas (id, despesa_id, numero, valor, data_vencimento, paga, data_pagamento) VALUES ('94c82a36-fd71-4452-8334-3a62315a7d0d', '68e6d111fa1493987c1b924a', 7, 300, '2024-07-05T00:00:00.000Z', FALSE, NULL) ON CONFLICT (despesa_id, numero) DO NOTHING;
INSERT INTO despesa_parcelas (id, despesa_id, numero, valor, data_vencimento, paga, data_pagamento) VALUES ('723fbe32-6003-4b58-8b9b-5fe9d0a5766d', '68e6d111fa1493987c1b924a', 8, 300, '2024-08-05T00:00:00.000Z', FALSE, NULL) ON CONFLICT (despesa_id, numero) DO NOTHING;
INSERT INTO despesa_parcelas (id, despesa_id, numero, valor, data_vencimento, paga, data_pagamento) VALUES ('5b6a13b0-8d98-4d63-895b-5804acbce21f', '68e6d111fa1493987c1b924a', 9, 300, '2024-09-05T00:00:00.000Z', FALSE, NULL) ON CONFLICT (despesa_id, numero) DO NOTHING;
INSERT INTO despesa_parcelas (id, despesa_id, numero, valor, data_vencimento, paga, data_pagamento) VALUES ('fc8623a9-ecb0-46cf-b90c-5ee4e51cba58', '68e6d111fa1493987c1b924a', 10, 300, '2024-10-05T00:00:00.000Z', FALSE, NULL) ON CONFLICT (despesa_id, numero) DO NOTHING;
INSERT INTO despesa_parcelas (id, despesa_id, numero, valor, data_vencimento, paga, data_pagamento) VALUES ('9cdc50c5-19e8-4b5b-a525-0b08e54d973e', '68e6d111fa1493987c1b924a', 11, 300, '2024-11-05T00:00:00.000Z', FALSE, NULL) ON CONFLICT (despesa_id, numero) DO NOTHING;
INSERT INTO despesa_parcelas (id, despesa_id, numero, valor, data_vencimento, paga, data_pagamento) VALUES ('42c5de08-bb8b-4bce-8cf0-bfef4c91bf91', '68e6d111fa1493987c1b924a', 12, 300, '2024-12-05T00:00:00.000Z', FALSE, NULL) ON CONFLICT (despesa_id, numero) DO NOTHING;

-- Reabilitar RLS após a importação
ALTER TABLE bancos ENABLE ROW LEVEL SECURITY;
ALTER TABLE cartoes ENABLE ROW LEVEL SECURITY;
ALTER TABLE categorias ENABLE ROW LEVEL SECURITY;
ALTER TABLE receitas ENABLE ROW LEVEL SECURITY;
ALTER TABLE despesas ENABLE ROW LEVEL SECURITY;
ALTER TABLE despesa_parcelas ENABLE ROW LEVEL SECURITY;
